{
	"credit": "Made with Blockbench",
	"texture_size": [32, 32],
	"textures": {
		"0": "./gneg_x",
		"particle": "./gneg_x"
	},
	"elements": [
		{
			"from": [5, 0, 5],
			"to": [11, 1, 11],
			"faces": {
				"north": {"uv": [6, 4.25, 7.5, 4.5], "texture": "#0"},
				"east": {"uv": [6, 4.5, 7.5, 4.75], "texture": "#0"},
				"south": {"uv": [6, 5, 7.5, 5.25], "texture": "#0"},
				"west": {"uv": [6, 6, 7.5, 6.25], "texture": "#0"},
				"up": {"uv": [3, 9, 0, 6], "texture": "#0"},
				"down": {"uv": [4.5, 7.5, 3, 9], "texture": "#0"}
			}
		},
		{
			"from": [6.5, 6, 3],
			"to": [9.5, 8, 4],
			"faces": {
				"north": {"uv": [0, 0, 0.75, 0.5], "texture": "#0"},
				"east": {"uv": [0.75, 0.5, 1, 1], "texture": "#0"},
				"south": {"uv": [0, 0.5, 0.75, 1], "texture": "#0"},
				"west": {"uv": [0, 1, 0.25, 1.5], "texture": "#0"},
				"up": {"uv": [1.5, 0.25, 0.75, 0], "texture": "#0"},
				"down": {"uv": [1.5, 0.25, 0.75, 0.5], "texture": "#0"}
			}
		},
		{
			"from": [4, 1, 4],
			"to": [12, 10, 12],
			"faces": {
				"north": {"uv": [0.25, 1, 2.25, 3.25], "texture": "#0"},
				"east": {"uv": [2.25, 0, 4.25, 2.25], "texture": "#0"},
				"south": {"uv": [2.25, 2.25, 4.25, 4.5], "texture": "#0"},
				"west": {"uv": [0, 3.25, 2, 5.5], "texture": "#0"},
				"up": {"uv": [6.25, 2, 4.25, 0], "texture": "#0"},
				"down": {"uv": [6.25, 2, 4.25, 4], "texture": "#0"}
			}
		},
		{
			"from": [6.25, 13.5, 11.75],
			"to": [9.75, 17, 15.25],
			"rotation": {"angle": 0, "axis": "y", "origin": [-0.25, 9.5, -0.25]},
			"faces": {
				"north": {"uv": [10, 11, 10.75, 11.75], "texture": "#0"},
				"east": {"uv": [10.75, 11, 11.5, 11.75], "texture": "#0"},
				"south": {"uv": [10.5, 11.75, 11.25, 12.5], "texture": "#0"},
				"west": {"uv": [10.75, 11.25, 11.5, 12], "texture": "#0"},
				"up": {"uv": [10.5, 12.5, 9.75, 11.75], "texture": "#0"},
				"down": {"uv": [12, 11, 11.25, 11.75], "texture": "#0"}
			}
		},
		{
			"from": [5.25, 15, 9.75],
			"to": [10.75, 19.5, 14.25],
			"rotation": {"angle": -22.5, "axis": "x", "origin": [7.25, 15.5, 11.75]},
			"faces": {
				"north": {"uv": [4.5, 12.5, 5.5, 13.5], "texture": "#0"},
				"east": {"uv": [7.5, 13.25, 8.5, 14.25], "texture": "#0"},
				"south": {"uv": [10.25, 12.5, 11.25, 13.5], "texture": "#0"},
				"west": {"uv": [8.75, 9.5, 9.75, 10.5], "texture": "#0"},
				"up": {"uv": [6.5, 13.75, 5.5, 12.75], "texture": "#0"},
				"down": {"uv": [7.5, 12.75, 6.5, 13.75], "texture": "#0"}
			}
		},
		{
			"from": [4.75, 13.5, 8.75],
			"to": [11.25, 19, 14.25],
			"rotation": {"angle": 45, "axis": "x", "origin": [7.75, 19, 8.75]},
			"faces": {
				"north": {"uv": [8.75, 6.5, 10.25, 8], "texture": "#0"},
				"east": {"uv": [8.75, 8, 10.25, 9.5], "texture": "#0"},
				"south": {"uv": [4.5, 11, 6, 12.5], "texture": "#0"},
				"west": {"uv": [8.25, 10.5, 9.75, 12], "texture": "#0"},
				"up": {"uv": [9.75, 12, 8.25, 10.5], "texture": "#0"},
				"down": {"uv": [8.25, 10.5, 6.75, 12], "texture": "#0"}
			}
		},
		{
			"from": [4.25, 12.5, 4.25],
			"to": [11.75, 16, 11.75],
			"rotation": {"angle": 0, "axis": "y", "origin": [-0.25, 9.5, -0.25]},
			"faces": {
				"north": {"uv": [10.25, 7.25, 12.25, 8], "texture": "#0"},
				"east": {"uv": [10.25, 7.25, 12.25, 8], "texture": "#0"},
				"south": {"uv": [10.25, 7.25, 12.25, 8], "texture": "#0"},
				"west": {"uv": [10.25, 7.25, 12.25, 8], "texture": "#0"},
				"up": {"uv": [8.7875, 8.5, 6.7875, 6.5], "texture": "#0"},
				"down": {"uv": [8.75, 8.5, 6.75, 10.5], "texture": "#0"}
			}
		},
		{
			"from": [3.75, 9.5, 3.75],
			"to": [12.25, 13, 12.25],
			"rotation": {"angle": 0, "axis": "y", "origin": [-0.25, 9.5, -0.25]},
			"faces": {
				"north": {"uv": [9.75, 11.0125, 11.9875, 12], "texture": "#0"},
				"east": {"uv": [9.75, 11.5125, 11.9875, 12.5], "texture": "#0"},
				"south": {"uv": [9.75, 11.2625, 11.9875, 12.25], "texture": "#0"},
				"west": {"uv": [9.75, 11.5125, 11.9875, 12.5], "texture": "#0"},
				"up": {"uv": [6.7375, 8.75, 4.5, 6.5125], "texture": "#0"},
				"down": {"uv": [6.7375, 8.7625, 4.5, 11], "texture": "#0"}
			}
		}
	],
	"display": {
		"thirdperson_righthand": {
			"translation": [0, 1.25, -0.5],
			"scale": [0.36, 0.36, 0.36]
		},
		"thirdperson_lefthand": {
			"translation": [0, 1.25, -0.5],
			"scale": [0.36, 0.36, 0.36]
		},
		"firstperson_righthand": {
			"rotation": [0, 120, 0],
			"translation": [0, 4.75, 2],
			"scale": [0.56, 0.56, 0.56]
		},
		"firstperson_lefthand": {
			"rotation": [0, 120, 0],
			"translation": [0, 4.75, 2],
			"scale": [0.56, 0.56, 0.56]
		},
		"ground": {
			"translation": [0, 0.5, 0],
			"scale": [0.46, 0.46, 0.46]
		},
		"gui": {
			"rotation": [34, -136, 0],
			"translation": [0, -1.25, 0],
			"scale": [0.69, 0.69, 0.69]
		},
		"head": {
			"translation": [0, 6.25, 0],
			"scale": [1.96, 1.96, 1.96]
		},
		"fixed": {
			"rotation": [-90, 0, 0],
			"translation": [0, 0, -18.75],
			"scale": [2.32, 2.32, 2.32]
		}
	}
}