{
	"credit": "Made with Blockbench",
	"texture_size": [32, 32],
	"textures": {
		"0": "./snowman_hat",
		"particle": "./snowman_hat"
	},
	"elements": [
		{
			"from": [4, 0, 4],
			"to": [12, 8, 12],
			"faces": {
				"north": {"uv": [2, 2, 4, 4], "texture": "#0"},
				"east": {"uv": [0, 2, 2, 4], "texture": "#0"},
				"south": {"uv": [6, 2, 8, 4], "texture": "#0"},
				"west": {"uv": [4, 2, 6, 4], "texture": "#0"},
				"up": {"uv": [2, 0, 4, 2], "texture": "#0"},
				"down": {"uv": [4, 0, 6, 2], "texture": "#0"}
			}
		},
		{
			"from": [7.5, 2.75, 3.25],
			"to": [8.5, 3.75, 4.25],
			"faces": {
				"north": {"uv": [0.25, 5.25, 0.5, 5.5], "texture": "#0"},
				"east": {"uv": [0, 5.25, 0.25, 5.5], "texture": "#0"},
				"south": {"uv": [0, 0, 0.5, 0.5], "texture": "#0"},
				"west": {"uv": [0.5, 5.25, 0.75, 5.5], "texture": "#0"},
				"up": {"uv": [0.25, 5, 0.5, 5.25], "texture": "#0"},
				"down": {"uv": [0.5, 5, 0.75, 5.25], "texture": "#0"}
			}
		},
		{
			"from": [3, 6, 3],
			"to": [13, 8, 13],
			"faces": {
				"north": {"uv": [4.5, 8.5, 7, 9], "texture": "#0"},
				"east": {"uv": [4, 6, 4.5, 8.5], "rotation": 270, "texture": "#0"},
				"south": {"uv": [4.5, 5.5, 7, 6], "rotation": 180, "texture": "#0"},
				"west": {"uv": [7, 6, 7.5, 8.5], "rotation": 90, "texture": "#0"},
				"up": {"uv": [4.5, 6, 7, 8.5], "texture": "#0"},
				"down": {"uv": [7.5, 6, 10, 8.5], "texture": "#0"}
			}
		},
		{
			"from": [4, 8, 4],
			"to": [12, 12, 12],
			"faces": {
				"north": {"uv": [1, 8.5, 3, 9.5], "texture": "#0"},
				"east": {"uv": [1, 6.5, 3, 5.5], "texture": "#0"},
				"south": {"uv": [0, 6.5, 1, 8.5], "rotation": 270, "texture": "#0"},
				"west": {"uv": [3, 6.5, 4, 8.5], "rotation": 90, "texture": "#0"},
				"up": {"uv": [1, 6.5, 3, 8.5], "texture": "#0"},
				"down": {"uv": [6, 0, 8, 2], "texture": "#0"}
			}
		}
	],
	"display": {
		"thirdperson_righthand": {
			"rotation": [75, 45, 0],
			"translation": [0, 2.5, 0],
			"scale": [0.375, 0.375, 0.375]
		},
		"thirdperson_lefthand": {
			"rotation": [75, 45, 0],
			"translation": [0, 2.5, 0],
			"scale": [0.375, 0.375, 0.375]
		},
		"firstperson_righthand": {
			"rotation": [0, 105, 0],
			"translation": [0, 5, 2.25],
			"scale": [0.4, 0.4, 0.4]
		},
		"firstperson_lefthand": {
			"rotation": [0, 105.5, 0],
			"translation": [0, 5, 2.25],
			"scale": [0.4, 0.4, 0.4]
		},
		"ground": {
			"translation": [0, 5.25, 0],
			"scale": [0.7, 0.7, 0.7]
		},
		"gui": {
			"rotation": [25, -144, 0],
			"translation": [0.25, 1.25, 0],
			"scale": [0.8, 0.8, 0.8]
		},
		"head": {
			"translation": [0, 7, 0],
			"scale": [1.82, 1.82, 1.82]
		},
		"fixed": {
			"translation": [0, 2.25, 0],
			"scale": [0.8, 0.8, 0.8]
		}
	}
}