{
	"credit": "Made with Blockbench",
	"texture_size": [32, 32],
	"textures": {
		"0": "./wreath",
		"particle": "./wreath"
	},
	"elements": [
		{
			"from": [8, 9.2, 8],
			"to": [10, 12.2, 10],
			"rotation": {"angle": -22.5, "axis": "z", "origin": [9, 10.5, 9]},
			"faces": {
				"north": {"uv": [7, 5, 8, 6.5], "texture": "#0"},
				"east": {"uv": [7, 6.5, 8, 8], "texture": "#0"},
				"south": {"uv": [7.5, 1.5, 8.5, 3], "texture": "#0"},
				"west": {"uv": [2, 7.5, 3, 9], "texture": "#0"},
				"up": {"uv": [3, 11, 2, 10], "texture": "#0"},
				"down": {"uv": [11, 2, 10, 3], "texture": "#0"}
			}
		},
		{
			"from": [10, 3.2, 8.01],
			"to": [13, 6.2, 10.01],
			"rotation": {"angle": 45, "axis": "z", "origin": [11, 4.5, 1]},
			"faces": {
				"north": {"uv": [0, 3, 1.5, 4.5], "texture": "#0"},
				"east": {"uv": [0, 8, 1, 9.5], "texture": "#0"},
				"south": {"uv": [3, 0, 4.5, 1.5], "texture": "#0"},
				"west": {"uv": [8, 0, 9, 1.5], "texture": "#0"},
				"up": {"uv": [9.5, 5.5, 8, 4.5], "texture": "#0"},
				"down": {"uv": [9.5, 5.5, 8, 6.5], "texture": "#0"}
			}
		},
		{
			"from": [10.5, 6.1, 8],
			"to": [13.5, 8.1, 10],
			"rotation": {"angle": 0, "axis": "y", "origin": [14, 4.5, 1]},
			"faces": {
				"north": {"uv": [8, 6.5, 9.5, 7.5], "texture": "#0"},
				"east": {"uv": [6, 10, 7, 11], "texture": "#0"},
				"south": {"uv": [7, 8, 8.5, 9], "texture": "#0"},
				"west": {"uv": [7, 10, 8, 11], "texture": "#0"},
				"up": {"uv": [10, 2.5, 8.5, 1.5], "texture": "#0"},
				"down": {"uv": [10, 2.5, 8.5, 3.5], "texture": "#0"}
			}
		},
		{
			"from": [13, 6.2, 8.01],
			"to": [16, 9.2, 10.01],
			"rotation": {"angle": 45, "axis": "z", "origin": [11, 4.5, 1]},
			"faces": {
				"north": {"uv": [1.5, 3, 3, 4.5], "texture": "#0"},
				"east": {"uv": [4, 8, 5, 9.5], "texture": "#0"},
				"south": {"uv": [3, 1.5, 4.5, 3], "texture": "#0"},
				"west": {"uv": [1, 8.5, 2, 10], "texture": "#0"},
				"up": {"uv": [10, 4.5, 8.5, 3.5], "texture": "#0"},
				"down": {"uv": [10, 7.5, 8.5, 8.5], "texture": "#0"}
			}
		},
		{
			"from": [8, 2, 8],
			"to": [10, 5, 10],
			"rotation": {"angle": 22.5, "axis": "z", "origin": [9, 3.5, 9]},
			"faces": {
				"north": {"uv": [3, 7.5, 4, 9], "texture": "#0"},
				"east": {"uv": [7.5, 3, 8.5, 4.5], "texture": "#0"},
				"south": {"uv": [5, 7.5, 6, 9], "texture": "#0"},
				"west": {"uv": [6, 7.5, 7, 9], "texture": "#0"},
				"up": {"uv": [11, 4, 10, 3], "texture": "#0"},
				"down": {"uv": [6, 10, 5, 11], "texture": "#0"}
			}
		},
		{
			"from": [6, 9.2, 8],
			"to": [8, 12.2, 10],
			"rotation": {"angle": 22.5, "axis": "z", "origin": [7, 10.5, 9]},
			"faces": {
				"north": {"uv": [0, 6.5, 1, 8], "texture": "#0"},
				"east": {"uv": [4, 6.5, 5, 8], "texture": "#0"},
				"south": {"uv": [7, 0, 8, 1.5], "texture": "#0"},
				"west": {"uv": [1, 7, 2, 8.5], "texture": "#0"},
				"up": {"uv": [2, 11, 1, 10], "texture": "#0"},
				"down": {"uv": [11, 1, 10, 2], "texture": "#0"}
			}
		},
		{
			"from": [0, 6.2, 8.01],
			"to": [3, 9.2, 10.01],
			"rotation": {"angle": -45, "axis": "z", "origin": [5, 4.5, 1]},
			"faces": {
				"north": {"uv": [1.5, 0, 3, 1.5], "texture": "#0"},
				"east": {"uv": [5, 6, 6, 7.5], "texture": "#0"},
				"south": {"uv": [1.5, 1.5, 3, 3], "texture": "#0"},
				"west": {"uv": [6, 6, 7, 7.5], "texture": "#0"},
				"up": {"uv": [7.5, 5, 6, 4], "texture": "#0"},
				"down": {"uv": [4, 6.5, 2.5, 7.5], "texture": "#0"}
			}
		},
		{
			"from": [2.5, 6.1, 8],
			"to": [5.5, 8.1, 10],
			"rotation": {"angle": 0, "axis": "z", "origin": [2, 4.5, 1]},
			"faces": {
				"north": {"uv": [5.5, 1, 7, 2], "texture": "#0"},
				"east": {"uv": [8, 9.5, 9, 10.5], "texture": "#0"},
				"south": {"uv": [1, 6, 2.5, 7], "texture": "#0"},
				"west": {"uv": [9, 9.5, 10, 10.5], "texture": "#0"},
				"up": {"uv": [7.5, 3, 6, 2], "texture": "#0"},
				"down": {"uv": [7.5, 3, 6, 4], "texture": "#0"}
			}
		},
		{
			"from": [3, 3.2, 8.01],
			"to": [6, 6.2, 10.01],
			"rotation": {"angle": -45, "axis": "z", "origin": [5, 4.5, 1]},
			"faces": {
				"north": {"uv": [0, 0, 1.5, 1.5], "texture": "#0"},
				"east": {"uv": [5, 3.5, 6, 5], "texture": "#0"},
				"south": {"uv": [0, 1.5, 1.5, 3], "texture": "#0"},
				"west": {"uv": [4, 5, 5, 6.5], "texture": "#0"},
				"up": {"uv": [6.5, 6, 5, 5], "texture": "#0"},
				"down": {"uv": [7, 0, 5.5, 1], "texture": "#0"}
			}
		},
		{
			"from": [6, 2, 8],
			"to": [8, 5, 10],
			"rotation": {"angle": -22.5, "axis": "z", "origin": [7, 3.5, 9]},
			"faces": {
				"north": {"uv": [1, 4.5, 2, 6], "texture": "#0"},
				"east": {"uv": [2, 4.5, 3, 6], "texture": "#0"},
				"south": {"uv": [5, 2, 6, 3.5], "texture": "#0"},
				"west": {"uv": [3, 5, 4, 6.5], "texture": "#0"},
				"up": {"uv": [1, 10.5, 0, 9.5], "texture": "#0"},
				"down": {"uv": [10.5, 6.5, 9.5, 7.5], "texture": "#0"}
			}
		},
		{
			"from": [14.65, 11.65, 10],
			"to": [12.65, 8.65, 8],
			"rotation": {"angle": 22.5, "axis": "z", "origin": [9, -6.5, 9]},
			"faces": {
				"north": {"uv": [8, 0, 7, 1.5], "texture": "#0"},
				"east": {"uv": [5, 6.5, 4, 8], "texture": "#0"},
				"south": {"uv": [1, 6.5, 0, 8], "texture": "#0"},
				"west": {"uv": [2, 7, 1, 8.5], "texture": "#0"},
				"up": {"uv": [2, 10, 1, 11], "texture": "#0"},
				"down": {"uv": [11, 2, 10, 1], "texture": "#0"}
			}
		},
		{
			"from": [3.35, 11.7, 10],
			"to": [1.35, 8.7, 8],
			"rotation": {"angle": -22.5, "axis": "z", "origin": [7, -6.5, 9]},
			"faces": {
				"north": {"uv": [8.5, 1.5, 7.5, 3], "texture": "#0"},
				"east": {"uv": [8, 6.5, 7, 8], "texture": "#0"},
				"south": {"uv": [8, 5, 7, 6.5], "texture": "#0"},
				"west": {"uv": [3, 7.5, 2, 9], "texture": "#0"},
				"up": {"uv": [3, 10, 2, 11], "texture": "#0"},
				"down": {"uv": [11, 3, 10, 2], "texture": "#0"}
			}
		},
		{
			"from": [17.8, 3.5, 10.01],
			"to": [14.8, 0.5, 8.01],
			"rotation": {"angle": 45, "axis": "z", "origin": [5, -0.5, 1]},
			"faces": {
				"north": {"uv": [4.5, 1.5, 3, 3], "texture": "#0"},
				"east": {"uv": [5, 8, 4, 9.5], "texture": "#0"},
				"south": {"uv": [3, 3, 1.5, 4.5], "texture": "#0"},
				"west": {"uv": [2, 8.5, 1, 10], "texture": "#0"},
				"up": {"uv": [10, 3.5, 8.5, 4.5], "texture": "#0"},
				"down": {"uv": [10, 8.5, 8.5, 7.5], "texture": "#0"}
			}
		},
		{
			"from": [14.7, 0.5, 10.01],
			"to": [11.7, -2.5, 8.01],
			"rotation": {"angle": 45, "axis": "z", "origin": [5, -0.5, 1]},
			"faces": {
				"north": {"uv": [4.5, 0, 3, 1.5], "texture": "#0"},
				"east": {"uv": [1, 8, 0, 9.5], "texture": "#0"},
				"south": {"uv": [1.5, 3, 0, 4.5], "texture": "#0"},
				"west": {"uv": [9, 0, 8, 1.5], "texture": "#0"},
				"up": {"uv": [9.5, 4.5, 8, 5.5], "texture": "#0"},
				"down": {"uv": [9.5, 6.5, 8, 5.5], "texture": "#0"}
			}
		},
		{
			"from": [4.2, 0.5, 10.01],
			"to": [1.2, -2.5, 8.01],
			"rotation": {"angle": -45, "axis": "z", "origin": [11, -0.5, 1]},
			"faces": {
				"north": {"uv": [1.5, 1.5, 0, 3], "texture": "#0"},
				"east": {"uv": [6, 3.5, 5, 5], "texture": "#0"},
				"south": {"uv": [1.5, 0, 0, 1.5], "texture": "#0"},
				"west": {"uv": [5, 5, 4, 6.5], "texture": "#0"},
				"up": {"uv": [6.5, 5, 5, 6], "texture": "#0"},
				"down": {"uv": [7, 1, 5.5, 0], "texture": "#0"}
			}
		},
		{
			"from": [1.2, 3.5, 10.01],
			"to": [-1.8, 0.5, 8.01],
			"rotation": {"angle": -45, "axis": "z", "origin": [11, -0.5, 1]},
			"faces": {
				"north": {"uv": [3, 1.5, 1.5, 3], "texture": "#0"},
				"east": {"uv": [6, 6, 5, 7.5], "texture": "#0"},
				"south": {"uv": [3, 0, 1.5, 1.5], "texture": "#0"},
				"west": {"uv": [7, 6, 6, 7.5], "texture": "#0"},
				"up": {"uv": [7.5, 4, 6, 5], "texture": "#0"},
				"down": {"uv": [4, 7.5, 2.5, 6.5], "texture": "#0"}
			}
		},
		{
			"from": [13.5, 7.9, 10],
			"to": [10.5, 5.9, 8],
			"rotation": {"angle": 0, "axis": "y", "origin": [2, -0.5, 15]},
			"faces": {
				"north": {"uv": [8, 6.5, 9.5, 7.5], "texture": "#0"},
				"east": {"uv": [6, 10, 7, 11], "texture": "#0"},
				"south": {"uv": [7, 8, 8.5, 9], "texture": "#0"},
				"west": {"uv": [7, 10, 8, 11], "texture": "#0"},
				"up": {"uv": [10, 2.5, 8.5, 1.5], "texture": "#0"},
				"down": {"uv": [10, 2.5, 8.5, 3.5], "texture": "#0"}
			}
		},
		{
			"from": [5.5, 7.9, 10],
			"to": [2.5, 5.9, 8],
			"rotation": {"angle": 0, "axis": "y", "origin": [2, 12.5, 15]},
			"faces": {
				"north": {"uv": [7, 1, 5.5, 2], "texture": "#0"},
				"east": {"uv": [10, 9.5, 9, 10.5], "texture": "#0"},
				"south": {"uv": [2.5, 6, 1, 7], "texture": "#0"},
				"west": {"uv": [9, 9.5, 8, 10.5], "texture": "#0"},
				"up": {"uv": [6, 3, 7.5, 2], "texture": "#0"},
				"down": {"uv": [6, 3, 7.5, 4], "texture": "#0"}
			}
		},
		{
			"from": [4.85, 5.2, 10],
			"to": [2.85, 2.2, 8],
			"rotation": {"angle": 22.5, "axis": "z", "origin": [7, 16.5, 9]},
			"faces": {
				"north": {"uv": [6, 7.5, 5, 9], "texture": "#0"},
				"east": {"uv": [8.5, 3, 7.5, 4.5], "texture": "#0"},
				"south": {"uv": [4, 7.5, 3, 9], "texture": "#0"},
				"west": {"uv": [7, 7.5, 6, 9], "texture": "#0"},
				"up": {"uv": [11, 3, 10, 4], "texture": "#0"},
				"down": {"uv": [6, 11, 5, 10], "texture": "#0"}
			}
		},
		{
			"from": [13.15, 5.2, 10],
			"to": [11.15, 2.2, 8],
			"rotation": {"angle": -22.5, "axis": "z", "origin": [9, 16.5, 7]},
			"faces": {
				"north": {"uv": [1, 4.5, 2, 6], "texture": "#0"},
				"east": {"uv": [2, 4.5, 3, 6], "texture": "#0"},
				"south": {"uv": [5, 2, 6, 3.5], "texture": "#0"},
				"west": {"uv": [3, 5, 4, 6.5], "texture": "#0"},
				"up": {"uv": [1, 10.5, 0, 9.5], "texture": "#0"},
				"down": {"uv": [10.5, 6.5, 9.5, 7.5], "texture": "#0"}
			}
		},
		{
			"from": [7.5, 7, 7.01],
			"to": [9.5, 11, 8.01],
			"rotation": {"angle": 22.5, "axis": "z", "origin": [9, 11, 7.5]},
			"faces": {
				"north": {"uv": [0, 4.5, 1, 6.5], "texture": "#0"},
				"east": {"uv": [4.5, 10.5, 5, 12.5], "texture": "#0"},
				"south": {"uv": [4.5, 0, 5.5, 2], "texture": "#0"},
				"west": {"uv": [10.5, 6.5, 11, 8.5], "texture": "#0"},
				"up": {"uv": [9, 11, 8, 10.5], "texture": "#0"},
				"down": {"uv": [11.5, 8.5, 10.5, 9], "texture": "#0"}
			}
		},
		{
			"from": [8, 10, 6.01],
			"to": [11, 12, 8.01],
			"rotation": {"angle": 45, "axis": "z", "origin": [9.5, 11, 7]},
			"faces": {
				"north": {"uv": [6.5, 9, 8, 10], "texture": "#0"},
				"east": {"uv": [10.5, 0, 11.5, 1], "texture": "#0"},
				"south": {"uv": [3.5, 9.5, 5, 10.5], "texture": "#0"},
				"west": {"uv": [3.5, 10.5, 4.5, 11.5], "texture": "#0"},
				"up": {"uv": [11, 5.5, 9.5, 4.5], "texture": "#0"},
				"down": {"uv": [11, 5.5, 9.5, 6.5], "texture": "#0"}
			}
		},
		{
			"from": [5, 10, 6],
			"to": [8, 12, 8],
			"rotation": {"angle": -45, "axis": "z", "origin": [6.5, 11, 7]},
			"faces": {
				"north": {"uv": [8.5, 8.5, 10, 9.5], "texture": "#0"},
				"east": {"uv": [10, 9.5, 11, 10.5], "texture": "#0"},
				"south": {"uv": [9, 0, 10.5, 1], "texture": "#0"},
				"west": {"uv": [0, 10.5, 1, 11.5], "texture": "#0"},
				"up": {"uv": [3.5, 10, 2, 9], "texture": "#0"},
				"down": {"uv": [6.5, 9, 5, 10], "texture": "#0"}
			}
		},
		{
			"from": [6.5, 7, 7],
			"to": [8.5, 11, 8],
			"rotation": {"angle": -22.5, "axis": "z", "origin": [7, 11, 7.5]},
			"faces": {
				"north": {"uv": [3, 3, 4, 5], "texture": "#0"},
				"east": {"uv": [3, 10, 3.5, 12], "texture": "#0"},
				"south": {"uv": [4, 3, 5, 5], "texture": "#0"},
				"west": {"uv": [10, 7.5, 10.5, 9.5], "texture": "#0"},
				"up": {"uv": [10, 1.5, 9, 1], "texture": "#0"},
				"down": {"uv": [11, 4, 10, 4.5], "texture": "#0"}
			}
		},
		{
			"from": [7.5, 1, 7.59],
			"to": [9, 2.5, 9.09],
			"rotation": {"angle": 22.5, "axis": "z", "origin": [9.25, 6.75, 8.75]},
			"faces": {
				"north": {"uv": [5, 11, 6, 12], "texture": "#0"},
				"east": {"uv": [5, 11, 6, 12], "rotation": 270, "texture": "#0"},
				"south": {"uv": [5, 11, 6, 12], "texture": "#0"},
				"west": {"uv": [5, 11, 6, 12], "texture": "#0"},
				"up": {"uv": [5, 11, 6, 12], "rotation": 180, "texture": "#0"},
				"down": {"uv": [5, 11, 6, 12], "rotation": 270, "texture": "#0"}
			}
		},
		{
			"from": [7, 1, 7.59],
			"to": [8.5, 2.5, 9.09],
			"rotation": {"angle": -22.5, "axis": "z", "origin": [6.75, 6.75, 8.75]},
			"faces": {
				"north": {"uv": [5, 12, 6, 11], "rotation": 90, "texture": "#0"},
				"east": {"uv": [6, 11, 5, 12], "texture": "#0"},
				"south": {"uv": [6, 11, 5, 12], "texture": "#0"},
				"west": {"uv": [5, 12, 6, 11], "rotation": 270, "texture": "#0"},
				"up": {"uv": [6, 11, 5, 12], "rotation": 180, "texture": "#0"},
				"down": {"uv": [5, 12, 6, 11], "rotation": 270, "texture": "#0"}
			}
		},
		{
			"from": [7.25, 0.5, 7.59],
			"to": [8.75, 2, 9.09],
			"rotation": {"angle": 0, "axis": "z", "origin": [6.75, 6.75, 8.75]},
			"faces": {
				"north": {"uv": [5, 12, 6, 11], "rotation": 270, "texture": "#0"},
				"east": {"uv": [6, 11, 5, 12], "texture": "#0"},
				"south": {"uv": [6, 11, 5, 12], "texture": "#0"},
				"west": {"uv": [6, 11, 5, 12], "texture": "#0"},
				"up": {"uv": [6, 11, 5, 12], "rotation": 180, "texture": "#0"},
				"down": {"uv": [5, 12, 6, 11], "rotation": 270, "texture": "#0"}
			}
		}
	],
	"display": {
		"thirdperson_righthand": {
			"rotation": [0, -180, 0],
			"translation": [0, 3, 1],
			"scale": [0.5, 0.5, 0.5]
		},
		"thirdperson_lefthand": {
			"rotation": [0, 180, 0],
			"translation": [0, 3, 1],
			"scale": [0.5, 0.5, 0.5]
		},
		"firstperson_righthand": {
			"rotation": [0, 110, 0],
			"translation": [0, 4.5, 0],
			"scale": [0.7, 0.7, 0.7]
		},
		"firstperson_lefthand": {
			"rotation": [0, 110, 0],
			"translation": [0, 4.5, 0],
			"scale": [0.7, 0.7, 0.7]
		},
		"ground": {
			"translation": [0, 2.5, 0],
			"scale": [0.7, 0.7, 0.7]
		},
		"gui": {
			"rotation": [13, 150, 0],
			"translation": [-0.5, 1, 0]
		},
		"fixed": {
			"translation": [0, 4.75, -5.75],
			"scale": [2.5, 2.5, 2.5]
		}
	},
	"groups": [
		{
			"name": "body_outer",
			"origin": [8, 8, 8],
			"color": 0,
			"children": [0, 1, 2, 3, 4, 5, 6, 7, 8, 9]
		},
		{
			"name": "body_inner",
			"origin": [8, 8, 8],
			"color": 0,
			"children": [10, 11, 12, 13, 14, 15, 16, 17, 18, 19]
		},
		{
			"name": "bant",
			"origin": [8, 8, 8],
			"color": 0,
			"children": [20, 21, 22, 23, 24, 25, 26]
		}
	]
}