{
	"credit": "Made with Blockbench",
	"texture_size": [32, 32],
	"textures": {
		"0": "./sock",
		"particle": "./sock"
	},
	"elements": [
		{
			"from": [7, 0, 2],
			"to": [10, 6, 14],
			"faces": {
				"north": {"uv": [11, 3.5, 12.5, 6.5], "texture": "#0"},
				"east": {"uv": [0, 0, 6, 3], "texture": "#0"},
				"south": {"uv": [11, 6.5, 12.5, 9.5], "texture": "#0"},
				"west": {"uv": [0, 3, 6, 6], "texture": "#0"},
				"up": {"uv": [9.5, 14, 8, 8], "texture": "#0"},
				"down": {"uv": [1.5, 9.5, 0, 15.5], "texture": "#0"}
			}
		},
		{
			"from": [7, 6, 2],
			"to": [10, 13, 10],
			"faces": {
				"north": {"uv": [9.5, 9.5, 11, 13], "texture": "#0"},
				"east": {"uv": [0, 6, 4, 9.5], "texture": "#0"},
				"south": {"uv": [10, 0, 11.5, 3.5], "texture": "#0"},
				"west": {"uv": [6, 0, 10, 3.5], "texture": "#0"},
				"up": {"uv": [3, 13.5, 1.5, 9.5], "texture": "#0"},
				"down": {"uv": [11, 5.5, 9.5, 9.5], "texture": "#0"}
			}
		},
		{
			"from": [6.5, 13, 1],
			"to": [10.5, 17, 11],
			"faces": {
				"north": {"uv": [11, 9.5, 13, 11.5], "texture": "#0"},
				"east": {"uv": [6, 3.5, 11, 5.5], "texture": "#0"},
				"south": {"uv": [11.5, 0, 13.5, 2], "texture": "#0"},
				"west": {"uv": [4, 6, 9, 8], "texture": "#0"},
				"up": {"uv": [6, 13, 4, 8], "texture": "#0"},
				"down": {"uv": [8, 8, 6, 13], "texture": "#0"}
			}
		}
	],
	"display": {
		"thirdperson_righthand": {
			"rotation": [0, 180, 0],
			"translation": [0, 0, -1.5],
			"scale": [0.6, 0.6, 0.6]
		},
		"thirdperson_lefthand": {
			"rotation": [0, 180, 0],
			"translation": [0, 0, -1.5],
			"scale": [0.6, 0.6, 0.6]
		},
		"firstperson_righthand": {
			"rotation": [0, 180, 0],
			"translation": [0, 0.5, 0],
			"scale": [0.8, 0.8, 0.8]
		},
		"firstperson_lefthand": {
			"rotation": [0, 180, 0],
			"translation": [0, 0.5, 0],
			"scale": [0.8, 0.8, 0.8]
		},
		"ground": {
			"rotation": [0.002, 45, 90],
			"translation": [0, -0.75, 0],
			"scale": [0.8, 0.8, 0.8]
		},
		"gui": {
			"rotation": [31.36, -58.06, 27.33],
			"translation": [-0.5, -0.5, 0],
			"scale": [0.75, 0.75, 0.75]
		},
		"head": {
			"translation": [-0.25, 0, 0]
		},
		"fixed": {
			"rotation": [90, 66.25, -90],
			"translation": [0.75, -10, -3.25],
			"scale": [2, 2, 2]
		}
	}
}