{
	"credit": "Made with Blockbench",
	"textures": {
		"0": "./ball",
		"particle": "./ball"
	},
	"elements": [
		{
			"from": [6.5, 0, 6.5],
			"to": [9.5, 3, 9.5],
			"faces": {
				"north": {"uv": [0, 0, 3, 3], "texture": "#0"},
				"east": {"uv": [0, 3, 3, 6], "texture": "#0"},
				"south": {"uv": [3, 0, 6, 3], "texture": "#0"},
				"west": {"uv": [3, 3, 6, 6], "texture": "#0"},
				"up": {"uv": [3, 9, 0, 6], "texture": "#0"},
				"down": {"uv": [9, 0, 6, 3], "texture": "#0"}
			}
		},
		{
			"from": [7, 3, 8],
			"to": [9, 4, 8],
			"faces": {
				"north": {"uv": [3, 7, 6, 9], "texture": "#0"},
				"east": {"uv": [0, 0, 0, 1], "texture": "#0"},
				"south": {"uv": [3, 7, 6, 9], "texture": "#0"},
				"west": {"uv": [0, 0, 0, 1], "texture": "#0"},
				"up": {"uv": [2, 0, 0, 0], "texture": "#0"},
				"down": {"uv": [2, 0, 0, 0], "texture": "#0"}
			}
		}
	],
	"display": {
		"thirdperson_righthand": {
			"translation": [0, 7, 0]
		},
		"thirdperson_lefthand": {
			"translation": [0, 7, 0]
		},
		"firstperson_righthand": {
			"translation": [0, 10.75, 2.25],
			"scale": [1.23, 1.23, 1.23]
		},
		"firstperson_lefthand": {
			"translation": [0, 10.75, 2.25],
			"scale": [1.23, 1.23, 1.23]
		},
		"ground": {
			"translation": [0, 8.75, 0],
			"scale": [1.45, 1.45, 1.45]
		},
		"gui": {
			"rotation": [39, 47, 0],
			"translation": [0, 12.75, 0],
			"scale": [2.5, 2.5, 2.5]
		},
		"head": {
			"translation": [0, 14.25, 0]
		},
		"fixed": {
			"translation": [0, 15, -0.25],
			"scale": [2.48, 2.48, 2.48]
		}
	}
}