{
	"credit": "Made with Blockbench",
	"texture_size": [32, 32],
	"textures": {
		"0": "./dear_horns",
		"particle": "./dear_horns"
	},
	"elements": [
		{
			"from": [3, 3, 7],
			"to": [4, 9, 9],
			"faces": {
				"north": {"uv": [4, 1, 4.5, 4], "texture": "#0"},
				"east": {"uv": [0, 2, 1, 5], "texture": "#0"},
				"south": {"uv": [4, 4, 4.5, 7], "texture": "#0"},
				"west": {"uv": [1, 2, 2, 5], "texture": "#0"},
				"up": {"uv": [0.5, 9.5, 0, 8.5], "texture": "#0"},
				"down": {"uv": [1, 8.5, 0.5, 9.5], "texture": "#0"}
			}
		},
		{
			"from": [12, 3, 7],
			"to": [13, 9, 9],
			"faces": {
				"north": {"uv": [4.5, 1, 5, 4], "texture": "#0"},
				"east": {"uv": [2, 2, 3, 5], "texture": "#0"},
				"south": {"uv": [4.5, 4, 5, 7], "texture": "#0"},
				"west": {"uv": [3, 2, 4, 5], "texture": "#0"},
				"up": {"uv": [1.5, 9.5, 1, 8.5], "texture": "#0"},
				"down": {"uv": [9, 1, 8.5, 2], "texture": "#0"}
			}
		},
		{
			"from": [4, 8, 7],
			"to": [12, 9, 9],
			"faces": {
				"north": {"uv": [4, 0, 8, 0.5], "texture": "#0"},
				"east": {"uv": [1.5, 8.5, 2.5, 9], "texture": "#0"},
				"south": {"uv": [4, 0.5, 8, 1], "texture": "#0"},
				"west": {"uv": [8.5, 2, 9.5, 2.5], "texture": "#0"},
				"up": {"uv": [4, 1, 0, 0], "texture": "#0"},
				"down": {"uv": [4, 1, 0, 2], "texture": "#0"}
			}
		},
		{
			"from": [8, 9, 7.5],
			"to": [14, 10, 8.5],
			"rotation": {"angle": 22.5, "axis": "z", "origin": [11, 11.5, 7.5]},
			"faces": {
				"north": {"uv": [5, 2.5, 8, 3], "texture": "#0"},
				"east": {"uv": [8.5, 3, 9, 3.5], "texture": "#0"},
				"south": {"uv": [5, 3, 8, 3.5], "texture": "#0"},
				"west": {"uv": [8.5, 3.5, 9, 4], "texture": "#0"},
				"up": {"uv": [8, 4, 5, 3.5], "texture": "#0"},
				"down": {"uv": [8, 4, 5, 4.5], "texture": "#0"}
			}
		},
		{
			"from": [14.195, 10.325, 7.501],
			"to": [15.195, 16.325, 8.501],
			"rotation": {"angle": -22.5, "axis": "z", "origin": [15, 11.5, 8.5]},
			"faces": {
				"north": {"uv": [0.5, 5.5, 1, 8.5], "texture": "#0"},
				"east": {"uv": [1, 5.5, 1.5, 8.5], "texture": "#0"},
				"south": {"uv": [1.5, 5.5, 2, 8.5], "texture": "#0"},
				"west": {"uv": [2, 5.5, 2.5, 8.5], "texture": "#0"},
				"up": {"uv": [9, 5, 8.5, 4.5], "texture": "#0"},
				"down": {"uv": [5.5, 8.5, 5, 9], "texture": "#0"}
			}
		},
		{
			"from": [11, 11, 7.501],
			"to": [12, 14, 8.501],
			"rotation": {"angle": 22.5, "axis": "z", "origin": [14.5, 12.5, 8]},
			"faces": {
				"north": {"uv": [3.5, 8, 4, 9.5], "texture": "#0"},
				"east": {"uv": [8, 4, 8.5, 5.5], "texture": "#0"},
				"south": {"uv": [8, 5.5, 8.5, 7], "texture": "#0"},
				"west": {"uv": [8, 7, 8.5, 8.5], "texture": "#0"},
				"up": {"uv": [9, 6.5, 8.5, 6], "texture": "#0"},
				"down": {"uv": [7, 8.5, 6.5, 9], "texture": "#0"}
			}
		},
		{
			"from": [14, 12, 7.5],
			"to": [15, 16, 8.5],
			"rotation": {"angle": 22.5, "axis": "z", "origin": [14.5, 13, 8]},
			"faces": {
				"north": {"uv": [2.5, 5.5, 3, 7.5], "texture": "#0"},
				"east": {"uv": [5.5, 4.5, 6, 6.5], "texture": "#0"},
				"south": {"uv": [6, 4.5, 6.5, 6.5], "texture": "#0"},
				"west": {"uv": [6.5, 4.5, 7, 6.5], "texture": "#0"},
				"up": {"uv": [9, 6, 8.5, 5.5], "texture": "#0"},
				"down": {"uv": [6.5, 8.5, 6, 9], "texture": "#0"}
			}
		},
		{
			"from": [2, 9, 7.5],
			"to": [8, 10, 8.5],
			"rotation": {"angle": -22.5, "axis": "z", "origin": [5, 11.5, 7.5]},
			"faces": {
				"north": {"uv": [0, 5, 3, 5.5], "texture": "#0"},
				"east": {"uv": [4.5, 7, 5, 7.5], "texture": "#0"},
				"south": {"uv": [5, 1, 8, 1.5], "texture": "#0"},
				"west": {"uv": [8.5, 2.5, 9, 3], "texture": "#0"},
				"up": {"uv": [8, 2, 5, 1.5], "texture": "#0"},
				"down": {"uv": [8, 2, 5, 2.5], "texture": "#0"}
			}
		},
		{
			"from": [0.805, 10.325, 7.501],
			"to": [1.805, 16.325, 8.501],
			"rotation": {"angle": 22.5, "axis": "z", "origin": [1, 11.5, 8.5]},
			"faces": {
				"north": {"uv": [3, 5, 3.5, 8], "texture": "#0"},
				"east": {"uv": [3.5, 5, 4, 8], "texture": "#0"},
				"south": {"uv": [5, 4.5, 5.5, 7.5], "texture": "#0"},
				"west": {"uv": [0, 5.5, 0.5, 8.5], "texture": "#0"},
				"up": {"uv": [9, 4.5, 8.5, 4], "texture": "#0"},
				"down": {"uv": [5, 8.5, 4.5, 9], "texture": "#0"}
			}
		},
		{
			"from": [1, 12, 7.5],
			"to": [2, 15, 8.5],
			"rotation": {"angle": -22.5, "axis": "z", "origin": [1.5, 12.5, 8]},
			"faces": {
				"north": {"uv": [2.5, 7.5, 3, 9], "texture": "#0"},
				"east": {"uv": [8, 1, 8.5, 2.5], "texture": "#0"},
				"south": {"uv": [8, 2.5, 8.5, 4], "texture": "#0"},
				"west": {"uv": [3, 8, 3.5, 9.5], "texture": "#0"},
				"up": {"uv": [9, 5.5, 8.5, 5], "texture": "#0"},
				"down": {"uv": [6, 8.5, 5.5, 9], "texture": "#0"}
			}
		},
		{
			"from": [4, 11, 7.501],
			"to": [5, 15, 8.501],
			"rotation": {"angle": -22.5, "axis": "z", "origin": [1.5, 13, 8]},
			"faces": {
				"north": {"uv": [5.5, 6.5, 6, 8.5], "texture": "#0"},
				"east": {"uv": [6, 6.5, 6.5, 8.5], "texture": "#0"},
				"south": {"uv": [6.5, 6.5, 7, 8.5], "texture": "#0"},
				"west": {"uv": [4, 7, 4.5, 9], "texture": "#0"},
				"up": {"uv": [9, 7, 8.5, 6.5], "texture": "#0"},
				"down": {"uv": [7.5, 8.5, 7, 9], "texture": "#0"}
			}
		},
		{
			"from": [7, 2, 2],
			"to": [9, 4, 4],
			"faces": {
				"north": {"uv": [7, 4.5, 8, 5.5], "texture": "#0"},
				"east": {"uv": [7, 5.5, 8, 6.5], "texture": "#0"},
				"south": {"uv": [7, 6.5, 8, 7.5], "texture": "#0"},
				"west": {"uv": [4.5, 7.5, 5.5, 8.5], "texture": "#0"},
				"up": {"uv": [8, 8.5, 7, 7.5], "texture": "#0"},
				"down": {"uv": [9, 0, 8, 1], "texture": "#0"}
			}
		}
	],
	"display": {
		"thirdperson_righthand": {
			"rotation": [7, 146, 0],
			"translation": [-4.2, 0, 0]
		},
		"thirdperson_lefthand": {
			"rotation": [7, 146, 0],
			"translation": [-4.25, 1.25, 0]
		},
		"firstperson_righthand": {
			"rotation": [0, 163, 0],
			"translation": [1.5, 3, 0]
		},
		"firstperson_lefthand": {
			"rotation": [0, 163, 0],
			"translation": [1.5, 3, 0]
		},
		"ground": {
			"rotation": [-90, 0, 0],
			"translation": [0, -3.25, 0]
		},
		"gui": {
			"rotation": [25, 135, 0],
			"translation": [0, -0.75, 0],
			"scale": [0.8, 0.8, 0.8]
		},
		"head": {
			"translation": [0, 6.25, 0],
			"scale": [1.58, 1.5, 1.5]
		},
		"fixed": {
			"rotation": [0, 180, 0],
			"translation": [0, -0.25, -1],
			"scale": [1.1, 1.1, 1.1]
		}
	},
	"groups": [
		{
			"name": "body",
			"origin": [0, 0, 0],
			"color": 0,
			"children": [0, 1, 2]
		},
		{
			"name": "r_horn",
			"origin": [15, 11.5, 8.5],
			"color": 0,
			"children": [3, 4, 5, 6]
		},
		{
			"name": "l_horn",
			"origin": [0, 0, 0],
			"color": 0,
			"children": [7, 8, 9, 10]
		},
		{
			"name": "nose",
			"origin": [8, 8, 8],
			"color": 0,
			"children": [11]
		}
	]
}