{
	"credit": "Made with Blockbench",
	"texture_size": [32, 32],
	"textures": {
		"0": "item/lantern1",
		"particle": "item/lantern1"
	},
	"elements": [
		{
			"from": [4.5, 1, 4.5],
			"to": [11.5, 8, 11.5],
			"faces": {
				"north": {"uv": [0, 0, 3.5, 3.5], "texture": "#0"},
				"east": {"uv": [0, 3.5, 3.5, 7], "texture": "#0"},
				"south": {"uv": [3.5, 0, 7, 3.5], "texture": "#0"},
				"west": {"uv": [3.5, 3.5, 7, 7], "texture": "#0"},
				"up": {"uv": [3.5, 10.5, 0, 7], "texture": "#0"},
				"down": {"uv": [10.5, 0, 7, 3.5], "texture": "#0"}
			}
		},
		{
			"from": [5.5, 0, 5.5],
			"to": [10.5, 1, 10.5],
			"faces": {
				"north": {"uv": [6, 7, 8.5, 7.5], "texture": "#0"},
				"east": {"uv": [7, 6, 9.5, 6.5], "texture": "#0"},
				"south": {"uv": [7, 6.5, 9.5, 7], "texture": "#0"},
				"west": {"uv": [6, 7.5, 8.5, 8], "texture": "#0"},
				"up": {"uv": [6, 9.5, 3.5, 7], "texture": "#0"},
				"down": {"uv": [9.5, 3.5, 7, 6], "texture": "#0"}
			}
		},
		{
			"from": [3.5, 8, 3.5],
			"to": [12.5, 10, 12.5],
			"faces": {
				"north": {"uv": [0, 10.5, 4.5, 11.5], "texture": "#0"},
				"east": {"uv": [10.5, 0, 15, 1], "texture": "#0"},
				"south": {"uv": [10.5, 1, 15, 2], "texture": "#0"},
				"west": {"uv": [10.5, 2, 15, 3], "texture": "#0"},
				"up": {"uv": [10.5, 12.5, 6, 8], "texture": "#0"},
				"down": {"uv": [14, 3.5, 9.5, 8], "texture": "#0"}
			}
		},
		{
			"from": [4.5, 10, 4.5],
			"to": [11.5, 12, 11.5],
			"faces": {
				"north": {"uv": [10.5, 11.5, 14, 12.5], "texture": "#0"},
				"east": {"uv": [3.5, 12.5, 7, 13.5], "texture": "#0"},
				"south": {"uv": [7, 12.5, 10.5, 13.5], "texture": "#0"},
				"west": {"uv": [10.5, 12.5, 14, 13.5], "texture": "#0"},
				"up": {"uv": [14, 11.5, 10.5, 8], "texture": "#0"},
				"down": {"uv": [3.5, 11.5, 0, 15], "texture": "#0"}
			}
		},
		{
			"from": [5.5, 12, 5.5],
			"to": [10.5, 14, 10.5],
			"faces": {
				"north": {"uv": [3.5, 9.5, 6, 10.5], "texture": "#0"},
				"east": {"uv": [3.5, 11.5, 6, 12.5], "texture": "#0"},
				"south": {"uv": [8.5, 13.5, 11, 14.5], "texture": "#0"},
				"west": {"uv": [11, 13.5, 13.5, 14.5], "texture": "#0"},
				"up": {"uv": [6, 16, 3.5, 13.5], "texture": "#0"},
				"down": {"uv": [8.5, 13.5, 6, 16], "texture": "#0"}
			}
		}
	]
}