{
	"credit": "Made with Blockbench",
	"texture_size": [64, 64],
	"textures": {
		"2": "./blblbl",
		"particle": "./blblbl"
	},
	"elements": [
		{
			"from": [2, 0, 6],
			"to": [13, 9, 15],
			"faces": {
				"north": {"uv": [0, 0, 2.75, 2.25], "texture": "#2"},
				"east": {"uv": [2.75, 4, 4.75, 6.25], "texture": "#2"},
				"south": {"uv": [0, 2.25, 2.75, 4.5], "texture": "#2"},
				"west": {"uv": [0, 4.5, 2, 6.75], "texture": "#2"},
				"up": {"uv": [5.5, 2, 2.75, 0], "texture": "#2"},
				"down": {"uv": [5.5, 2, 2.75, 4], "texture": "#2"}
			}
		},
		{
			"from": [2, 8, 5.5],
			"to": [13, 9, 6],
			"faces": {
				"north": {"uv": [4.75, 5, 7.5, 5.25], "texture": "#2"},
				"east": {"uv": [2, 4.5, 2.5, 4.75], "texture": "#2"},
				"south": {"uv": [4.75, 5.25, 7.5, 5.5], "texture": "#2"},
				"west": {"uv": [2, 4.75, 2.5, 5], "texture": "#2"},
				"up": {"uv": [7.5, 4.75, 4.75, 4.5], "texture": "#2"},
				"down": {"uv": [7.5, 4.75, 4.75, 5], "texture": "#2"}
			}
		},
		{
			"from": [2, 0, 5.5],
			"to": [13, 1, 6],
			"faces": {
				"north": {"uv": [5.75, 2.25, 8.5, 2.5], "texture": "#2"},
				"east": {"uv": [5.75, 2.75, 6.25, 3], "texture": "#2"},
				"south": {"uv": [5.75, 2.5, 8.5, 2.75], "texture": "#2"},
				"west": {"uv": [5.75, 3, 6.25, 3.25], "texture": "#2"},
				"up": {"uv": [7.75, 5.75, 5, 5.5], "texture": "#2"},
				"down": {"uv": [8.5, 2, 5.75, 2.25], "texture": "#2"}
			}
		},
		{
			"from": [2, 1, 5.5],
			"to": [3, 8, 6],
			"faces": {
				"north": {"uv": [2.5, 4.5, 2.75, 6.25], "texture": "#2"},
				"east": {"uv": [2.25, 5, 2.5, 6.75], "texture": "#2"},
				"south": {"uv": [5.5, 1.75, 5.75, 3.5], "texture": "#2"},
				"west": {"uv": [5.5, 0, 5.75, 1.75], "texture": "#2"},
				"up": {"uv": [5.75, 4, 5.5, 3.5], "texture": "#2"},
				"down": {"uv": [5, 5.5, 4.75, 6], "texture": "#2"}
			}
		},
		{
			"from": [12, 1, 5.5],
			"to": [13, 8, 6],
			"faces": {
				"north": {"uv": [5.25, 6, 5.5, 7.75], "texture": "#2"},
				"east": {"uv": [6, 0, 6.25, 1.75], "texture": "#2"},
				"south": {"uv": [5.5, 6, 5.75, 7.75], "texture": "#2"},
				"west": {"uv": [5, 6, 5.25, 7.75], "texture": "#2"},
				"up": {"uv": [6, 3.75, 5.75, 3.25], "texture": "#2"},
				"down": {"uv": [6.25, 3.25, 6, 3.75], "texture": "#2"}
			}
		},
		{
			"from": [5, 9, 7],
			"to": [10, 10, 9],
			"faces": {
				"north": {"uv": [5.75, 3.75, 7, 4], "texture": "#2"},
				"east": {"uv": [6.25, 3, 6.75, 3.25], "texture": "#2"},
				"south": {"uv": [6.25, 2.75, 7.5, 3], "texture": "#2"},
				"west": {"uv": [6.25, 3.25, 6.75, 3.5], "texture": "#2"},
				"up": {"uv": [7, 6.5, 5.75, 6], "texture": "#2"},
				"down": {"uv": [3.75, 6.25, 2.5, 6.75], "texture": "#2"}
			}
		},
		{
			"from": [6, 9, 7.75],
			"to": [6.5, 13, 8.25],
			"rotation": {"angle": 22.5, "axis": "z", "origin": [6.25, 11.5, 8]},
			"faces": {
				"north": {"uv": [6.5, 0.25, 6.75, 1.25], "texture": "#2"},
				"east": {"uv": [5.75, 6.5, 6, 7.5], "texture": "#2"},
				"south": {"uv": [6, 6.5, 6.25, 7.5], "texture": "#2"},
				"west": {"uv": [6.25, 6.5, 6.5, 7.5], "texture": "#2"},
				"up": {"uv": [6.75, 1.5, 6.5, 1.25], "texture": "#2"},
				"down": {"uv": [6.75, 1.5, 6.5, 1.75], "texture": "#2"}
			}
		},
		{
			"from": [8, 9, 7.75],
			"to": [8.5, 13, 8.25],
			"rotation": {"angle": -22.5, "axis": "z", "origin": [8.25, 11, 8]},
			"faces": {
				"north": {"uv": [3.75, 6.25, 4, 7.25], "texture": "#2"},
				"east": {"uv": [4, 6.25, 4.25, 7.25], "texture": "#2"},
				"south": {"uv": [4.25, 6.25, 4.5, 7.25], "texture": "#2"},
				"west": {"uv": [4.5, 6.25, 4.75, 7.25], "texture": "#2"},
				"up": {"uv": [6.5, 3.75, 6.25, 3.5], "texture": "#2"},
				"down": {"uv": [6.75, 0, 6.5, 0.25], "texture": "#2"}
			}
		}
	],
	"display": {
		"thirdperson_righthand": {
			"translation": [0, 1.5, 0],
			"scale": [0.42, 0.42, 0.42]
		},
		"thirdperson_lefthand": {
			"translation": [0, 1.5, 0],
			"scale": [0.42, 0.42, 0.42]
		},
		"firstperson_righthand": {
			"rotation": [0, 120, 0],
			"translation": [0, 4.5, 0],
			"scale": [0.64, 0.64, 0.64]
		},
		"firstperson_lefthand": {
			"rotation": [0, 120, 0],
			"translation": [0, 4.5, 0],
			"scale": [0.64, 0.64, 0.64]
		},
		"ground": {
			"translation": [0, 1, 0],
			"scale": [0.51, 0.51, 0.51]
		},
		"gui": {
			"rotation": [24, -145, 0],
			"translation": [1, 2, 0],
			"scale": [0.98, 0.98, 0.98]
		},
		"head": {
			"translation": [1, 7.25, -4.5],
			"scale": [1.82, 1.82, 1.82]
		},
		"fixed": {
			"translation": [0, 2.25, 0]
		}
	}
}