{
	"credit": "Made with Blockbench",
	"texture_size": [32, 32],
	"textures": {
		"0": "./hat",
		"particle": "./hat"
	},
	"elements": [
		{
			"from": [4, 0.01, 4],
			"to": [12, 9.01, 12],
			"faces": {
				"north": {"uv": [7, 0, 11, 4.5], "texture": "#0"},
				"east": {"uv": [7, 4.5, 11, 9], "texture": "#0"},
				"south": {"uv": [7, 9, 11, 13.5], "texture": "#0"},
				"west": {"uv": [11, 0, 15, 4.5], "texture": "#0"},
				"up": {"uv": [15, 8.5, 11, 4.5], "texture": "#0"},
				"down": {"uv": [15, 8.5, 11, 12.5], "texture": "#0"}
			}
		},
		{
			"from": [1, 0, 1],
			"to": [15, 0, 15],
			"faces": {
				"north": {"uv": [0, 0, 7, 0], "texture": "#0"},
				"east": {"uv": [0, 0, 7, 0], "texture": "#0"},
				"south": {"uv": [0, 0, 7, 0], "texture": "#0"},
				"west": {"uv": [0, 0, 7, 0], "texture": "#0"},
				"up": {"uv": [7, 7, 0, 0], "texture": "#0"},
				"down": {"uv": [0, 7, 7, 0], "texture": "#0"}
			}
		}
	],
	"display": {
		"thirdperson_righthand": {
			"translation": [0, 3.75, -2.25],
			"scale": [0.64, 0.64, 0.64]
		},
		"thirdperson_lefthand": {
			"translation": [0, 3.75, -2.25],
			"scale": [0.64, 0.64, 0.64]
		},
		"firstperson_righthand": {
			"translation": [0, 5.75, 0],
			"scale": [0.58, 0.58, 0.58]
		},
		"firstperson_lefthand": {
			"translation": [0, 5.75, 0],
			"scale": [0.58, 0.58, 0.58]
		},
		"ground": {
			"translation": [0, 1.5, 0],
			"scale": [0.63, 0.63, 0.63]
		},
		"gui": {
			"rotation": [31, 41, 0],
			"translation": [0, 3.25, 0],
			"scale": [0.92, 0.92, 0.92]
		},
		"head": {
			"translation": [0, 17.75, 0],
			"scale": [1.73, 1.73, 1.73]
		},
		"fixed": {
			"translation": [0, 3.25, 0]
		}
	}
}