{
	"credit": "Made with Blockbench",
	"textures": {
		"0": "./headphones",
		"particle": "./headphones"
	},
	"elements": [
		{
			"from": [2, 0, 6],
			"to": [4, 5, 11],
			"faces": {
				"north": {"uv": [0, 5, 1, 7.5], "texture": "#0"},
				"east": {"uv": [4.5, 0, 7, 2.5], "texture": "#0"},
				"south": {"uv": [1, 5, 2, 7.5], "texture": "#0"},
				"west": {"uv": [4.5, 2.5, 7, 5], "texture": "#0"},
				"up": {"uv": [3, 7.5, 2, 5], "texture": "#0"},
				"down": {"uv": [4, 5, 3, 7.5], "texture": "#0"}
			}
		},
		{
			"from": [12, 0, 6],
			"to": [14, 5, 11],
			"faces": {
				"north": {"uv": [2.5, 0, 3.5, 2.5], "texture": "#0"},
				"east": {"uv": [0, 0, 2.5, 2.5], "texture": "#0"},
				"south": {"uv": [2.5, 2.5, 3.5, 5], "texture": "#0"},
				"west": {"uv": [0, 2.5, 2.5, 5], "texture": "#0"},
				"up": {"uv": [4.5, 2.5, 3.5, 0], "texture": "#0"},
				"down": {"uv": [4.5, 2.5, 3.5, 5], "texture": "#0"}
			}
		},
		{
			"from": [4, 5, 7.5],
			"to": [4, 8, 9.5],
			"faces": {
				"north": {"uv": [0, 0, 0, 3], "texture": "#0"},
				"east": {"uv": [6, 7, 8, 10], "texture": "#0"},
				"south": {"uv": [0, 0, 0, 3], "texture": "#0"},
				"west": {"uv": [0, 8, 2, 11], "texture": "#0"},
				"up": {"uv": [0, 2, 0, 0], "texture": "#0"},
				"down": {"uv": [0, 0, 0, 2], "texture": "#0"}
			}
		},
		{
			"from": [12, 5, 7.5],
			"to": [12, 8, 9.5],
			"faces": {
				"north": {"uv": [0, 0, 0, 3], "texture": "#0"},
				"east": {"uv": [7, 2, 9, 5], "texture": "#0"},
				"south": {"uv": [0, 0, 0, 3], "texture": "#0"},
				"west": {"uv": [4, 7, 6, 10], "texture": "#0"},
				"up": {"uv": [0, 2, 0, 0], "texture": "#0"},
				"down": {"uv": [0, 0, 0, 2], "texture": "#0"}
			}
		},
		{
			"from": [4, 8, 7.5],
			"to": [12, 8, 9.5],
			"faces": {
				"north": {"uv": [0, 0, 8, 0], "texture": "#0"},
				"east": {"uv": [0, 0, 2, 0], "texture": "#0"},
				"south": {"uv": [0, 0, 8, 0], "texture": "#0"},
				"west": {"uv": [0, 0, 2, 0], "texture": "#0"},
				"up": {"uv": [12, 7, 4, 5], "texture": "#0"},
				"down": {"uv": [15, 0, 7, 2], "texture": "#0"}
			}
		}
	],
	"display": {
		"thirdperson_righthand": {
			"translation": [0, 1, 0],
			"scale": [0.51, 0.51, 0.51]
		},
		"thirdperson_lefthand": {
			"translation": [0, 1, 0],
			"scale": [0.51, 0.51, 0.51]
		},
		"firstperson_righthand": {
			"translation": [0, 4.5, 0],
			"scale": [0.59, 0.59, 0.59]
		},
		"firstperson_lefthand": {
			"translation": [0, 4.5, 0],
			"scale": [0.59, 0.59, 0.59]
		},
		"ground": {
			"translation": [0, 3.5, 0],
			"scale": [0.85, 0.85, 0.85]
		},
		"gui": {
			"rotation": [30, 43, 0],
			"translation": [0, 4.25, 0]
		},
		"head": {
			"translation": [0, 9, 0],
			"scale": [1.73, 1.57, 1.57]
		},
		"fixed": {
			"translation": [0, 4, -0.75]
		}
	}
}