{
	"credit": "Made with Blockbench",
	"texture_size": [32, 32],
	"textures": {
		"1": "./jaba"
	},
	"elements": [
		{
			"from": [4, 3, 4],
			"to": [4, 8, 9],
			"faces": {
				"north": {"uv": [0, 0, 0, 0.5], "texture": "#1"},
				"east": {"uv": [6, 0.5, 8.5, 1], "texture": "#1"},
				"south": {"uv": [0, 0, 0, 0.5], "texture": "#1"},
				"west": {"uv": [8, 6.5, 10.5, 9], "texture": "#1"},
				"up": {"uv": [0, 2.5, 0, 0], "texture": "#1"},
				"down": {"uv": [0, 0, 0, 2.5], "texture": "#1"}
			}
		},
		{
			"from": [12, 3, 4],
			"to": [12, 8, 9],
			"faces": {
				"north": {"uv": [0, 0, 0, 0.5], "texture": "#1"},
				"east": {"uv": [10.5, 6.5, 8, 9], "texture": "#1"},
				"south": {"uv": [0, 0, 0, 0.5], "texture": "#1"},
				"west": {"uv": [6, 0.5, 8.5, 1], "texture": "#1"},
				"up": {"uv": [0, 2.5, 0, 0], "texture": "#1"},
				"down": {"uv": [0, 0, 0, 2.5], "texture": "#1"}
			}
		},
		{
			"from": [4, 3, 4],
			"to": [12, 8, 4],
			"faces": {
				"north": {"uv": [0, 6.5, 4, 9], "texture": "#1"},
				"east": {"uv": [0, 0, 0, 0.5], "texture": "#1"},
				"south": {"uv": [4, 6.5, 8, 9], "texture": "#1"},
				"west": {"uv": [0, 0, 0, 0.5], "texture": "#1"},
				"up": {"uv": [1.5, 0, 0, 0], "texture": "#1"},
				"down": {"uv": [1.5, 0, 0, 0], "texture": "#1"}
			}
		},
		{
			"from": [8.5, 8, 4],
			"to": [12, 10, 8],
			"faces": {
				"north": {"uv": [2, 4, 4, 5], "texture": "#1"},
				"east": {"uv": [4, 2, 6, 3], "texture": "#1"},
				"south": {"uv": [4, 3, 6, 4], "texture": "#1"},
				"west": {"uv": [4, 4, 6, 5], "texture": "#1"},
				"up": {"uv": [2, 6, 0, 4], "texture": "#1"},
				"down": {"uv": [6, 0, 4, 2], "texture": "#1"}
			}
		},
		{
			"from": [4, 8, 4],
			"to": [7.5, 10, 8],
			"faces": {
				"north": {"uv": [2, 0, 4, 1], "texture": "#1"},
				"east": {"uv": [2, 1, 4, 2], "texture": "#1"},
				"south": {"uv": [2, 2, 4, 3], "texture": "#1"},
				"west": {"uv": [2, 3, 4, 4], "texture": "#1"},
				"up": {"uv": [2, 2, 0, 0], "texture": "#1"},
				"down": {"uv": [2, 2, 0, 4], "texture": "#1"}
			}
		},
		{
			"from": [4, 5, 9],
			"to": [4, 6, 12],
			"faces": {
				"north": {"uv": [11.5, 3, 15.5, 4], "texture": "#1"},
				"east": {"uv": [6, 4.5, 7.5, 5], "texture": "#1"},
				"south": {"uv": [6, 3.5, 10, 4], "texture": "#1"},
				"west": {"uv": [6, 5.5, 7.5, 6], "texture": "#1"},
				"up": {"uv": [6, 6.5, 2, 5], "texture": "#1"},
				"down": {"uv": [15, 1, 11, 2.5], "texture": "#1"}
			}
		},
		{
			"from": [12, 5, 9],
			"to": [12, 6, 12],
			"faces": {
				"north": {"uv": [11.5, 3, 15.5, 4], "texture": "#1"},
				"east": {"uv": [6, 4.5, 7.5, 5], "texture": "#1"},
				"south": {"uv": [6, 3.5, 10, 4], "texture": "#1"},
				"west": {"uv": [6, 5.5, 7.5, 6], "texture": "#1"},
				"up": {"uv": [6, 6.5, 2, 5], "texture": "#1"},
				"down": {"uv": [15, 1, 11, 2.5], "texture": "#1"}
			}
		},
		{
			"from": [4, 5, 12],
			"to": [12, 6, 12],
			"faces": {
				"north": {"uv": [6, 3.5, 10, 4], "texture": "#1"},
				"east": {"uv": [6, 4.5, 7.5, 5], "texture": "#1"},
				"south": {"uv": [6, 3.5, 10, 4], "texture": "#1"},
				"west": {"uv": [6, 5.5, 7.5, 6], "texture": "#1"},
				"up": {"uv": [6, 6.5, 2, 5], "texture": "#1"},
				"down": {"uv": [15, 1, 11, 2.5], "texture": "#1"}
			}
		},
		{
			"from": [4, 8, 4],
			"to": [12, 8, 9],
			"faces": {
				"north": {"uv": [0, 0, 4, 0], "texture": "#1"},
				"east": {"uv": [0, 0, 2.5, 0], "texture": "#1"},
				"south": {"uv": [0, 0, 4, 0], "texture": "#1"},
				"west": {"uv": [0, 0, 2.5, 0], "texture": "#1"},
				"up": {"uv": [4, 3.5, 0, 1], "texture": "#1"},
				"down": {"uv": [4, 1, 0, 3.5], "texture": "#1"}
			}
		},
		{
			"from": [3.95, 8, 3.95],
			"to": [7.55, 8.6, 5.95],
			"faces": {
				"north": {"uv": [0, 6, 2, 6.5], "texture": "#1"},
				"east": {"uv": [6, 3, 7, 3.5], "texture": "#1"},
				"south": {"uv": [6, 0, 8, 0.5], "texture": "#1"},
				"west": {"uv": [6, 4, 7, 4.5], "texture": "#1"},
				"up": {"uv": [8, 2, 6, 1], "texture": "#1"},
				"down": {"uv": [8, 2, 6, 3], "texture": "#1"}
			}
		},
		{
			"from": [8.45, 8, 3.95],
			"to": [12.05, 8.6, 5.95],
			"faces": {
				"north": {"uv": [6, 6, 8, 6.5], "texture": "#1"},
				"east": {"uv": [6, 5, 7, 5.5], "texture": "#1"},
				"south": {"uv": [7, 3, 9, 3.5], "texture": "#1"},
				"west": {"uv": [8, 0, 9, 0.5], "texture": "#1"},
				"up": {"uv": [9.5, 5, 7.5, 4], "texture": "#1"},
				"down": {"uv": [9.5, 5, 7.5, 6], "texture": "#1"}
			}
		}
	],
	"display": {
		"thirdperson_righthand": {
			"translation": [0, 0, -2],
			"scale": [0.5, 0.5, 0.5]
		},
		"thirdperson_lefthand": {
			"translation": [0, 0, -2],
			"scale": [0.5, 0.5, 0.5]
		},
		"firstperson_righthand": {
			"rotation": [0, 120, 0],
			"translation": [1.5, 4.25, 0],
			"scale": [0.76, 0.76, 0.76]
		},
		"firstperson_lefthand": {
			"rotation": [0, 120, 0],
			"translation": [1.5, 4.5, 0],
			"scale": [0.76, 0.76, 0.76]
		},
		"ground": {
			"translation": [0, 2, 0]
		},
		"gui": {
			"rotation": [0, 180, 0],
			"translation": [0, 1.75, 0],
			"scale": [1.29, 1.29, 1.29]
		},
		"head": {
			"translation": [0, 6.5, 0],
			"scale": [1.9, 1.9, 1.9]
		},
		"fixed": {
			"translation": [0, 1.25, 0],
			"scale": [1.34, 1.34, 1.34]
		}
	}
}