{
	"credit": "Made with Blockbench",
	"texture_size": [32, 32],
	"textures": {
		"0": "./pag",
		"particle": "./pag"
	},
	"elements": [
		{
			"from": [4, 0, 8],
			"to": [12, 8, 12],
			"faces": {
				"north": {"uv": [6, 3.5, 10, 7.5], "texture": "#0"},
				"east": {"uv": [4, 7, 6, 11], "texture": "#0"},
				"south": {"uv": [0, 7, 4, 11], "texture": "#0"},
				"west": {"uv": [6, 7.5, 8, 11.5], "texture": "#0"},
				"up": {"uv": [12, 9.5, 8, 7.5], "texture": "#0"},
				"down": {"uv": [12, 9.5, 8, 11.5], "texture": "#0"}
			}
		},
		{
			"from": [4, 1, 4],
			"to": [5, 7, 8],
			"faces": {
				"north": {"uv": [0, 11, 0.5, 14], "texture": "#0"},
				"east": {"uv": [10, 0, 12, 3], "texture": "#0"},
				"south": {"uv": [0.5, 11, 1, 14], "texture": "#0"},
				"west": {"uv": [10, 3, 12, 6], "texture": "#0"},
				"up": {"uv": [1.5, 13, 1, 11], "texture": "#0"},
				"down": {"uv": [2, 11, 1.5, 13], "texture": "#0"}
			}
		},
		{
			"from": [4, 7, 4],
			"to": [12, 8, 8],
			"faces": {
				"north": {"uv": [6, 2, 10, 2.5], "texture": "#0"},
				"east": {"uv": [0, 6, 2, 6.5], "texture": "#0"},
				"south": {"uv": [6, 2.5, 10, 3], "texture": "#0"},
				"west": {"uv": [6, 3, 8, 3.5], "texture": "#0"},
				"up": {"uv": [6, 7, 2, 5], "texture": "#0"},
				"down": {"uv": [10, 0, 6, 2], "texture": "#0"}
			}
		},
		{
			"from": [4, 0, 4],
			"to": [12, 1, 8],
			"faces": {
				"north": {"uv": [10, 6, 14, 6.5], "texture": "#0"},
				"east": {"uv": [0, 6.5, 2, 7], "texture": "#0"},
				"south": {"uv": [10, 6.5, 14, 7], "texture": "#0"},
				"west": {"uv": [8, 3, 10, 3.5], "texture": "#0"},
				"up": {"uv": [6, 13, 2, 11], "texture": "#0"},
				"down": {"uv": [10, 11.5, 6, 13.5], "texture": "#0"}
			}
		},
		{
			"from": [11, 1, 4],
			"to": [12, 7, 8],
			"faces": {
				"north": {"uv": [12, 3, 12.5, 6], "texture": "#0"},
				"east": {"uv": [10, 11.5, 12, 14.5], "texture": "#0"},
				"south": {"uv": [12, 7, 12.5, 10], "texture": "#0"},
				"west": {"uv": [12, 0, 14, 3], "texture": "#0"},
				"up": {"uv": [12.5, 12, 12, 10], "texture": "#0"},
				"down": {"uv": [12.5, 12, 12, 14], "texture": "#0"}
			}
		},
		{
			"from": [4, 8, 4],
			"to": [7.5, 10, 8],
			"faces": {
				"north": {"uv": [2, 4, 4, 5], "texture": "#0"},
				"east": {"uv": [4, 2, 6, 3], "texture": "#0"},
				"south": {"uv": [4, 3, 6, 4], "texture": "#0"},
				"west": {"uv": [4, 4, 6, 5], "texture": "#0"},
				"up": {"uv": [2, 6, 0, 4], "texture": "#0"},
				"down": {"uv": [6, 0, 4, 2], "texture": "#0"}
			}
		},
		{
			"from": [8.5, 8, 4],
			"to": [12, 10, 8],
			"faces": {
				"north": {"uv": [2, 0, 4, 1], "texture": "#0"},
				"east": {"uv": [2, 1, 4, 2], "texture": "#0"},
				"south": {"uv": [2, 2, 4, 3], "texture": "#0"},
				"west": {"uv": [2, 3, 4, 4], "texture": "#0"},
				"up": {"uv": [2, 2, 0, 0], "texture": "#0"},
				"down": {"uv": [2, 2, 0, 4], "texture": "#0"}
			}
		}
	],
	"display": {
		"thirdperson_righthand": {
			"translation": [0, 1, -0.75],
			"scale": [0.6, 0.6, 0.6]
		},
		"thirdperson_lefthand": {
			"translation": [0, 0.75, -0.25],
			"scale": [0.6, 0.6, 0.6]
		},
		"firstperson_righthand": {
			"rotation": [0, 113, 0],
			"translation": [1.75, 5.25, 0],
			"scale": [0.6, 0.6, 0.6]
		},
		"firstperson_lefthand": {
			"rotation": [0, 113, 0],
			"translation": [1.75, 5.25, 0],
			"scale": [0.6, 0.6, 0.6]
		},
		"ground": {
			"translation": [0, 2.75, 0],
			"scale": [0.78, 0.78, 0.78]
		},
		"gui": {
			"rotation": [24, -129, 0],
			"translation": [0, 3, 0],
			"scale": [1.2, 1, 1.17]
		},
		"head": {
			"translation": [0, 9.25, 1.5],
			"scale": [2.3, 2.09, 2.52]
		},
		"fixed": {
			"translation": [0, 3.75, -0.25],
			"scale": [1.24, 1, 1]
		}
	}
}