{
	"credit": "Made with Blockbench",
	"textures": {
		"0": "./pum",
		"particle": "./pum"
	},
	"elements": [
		{
			"from": [0, 0, 0],
			"to": [16, 16, 16],
			"faces": {
				"north": {"uv": [4, 4, 8, 8], "texture": "#0"},
				"east": {"uv": [0, 4, 4, 8], "texture": "#0"},
				"south": {"uv": [12, 4, 16, 8], "texture": "#0"},
				"west": {"uv": [8, 4, 12, 8], "texture": "#0"},
				"up": {"uv": [4, 0, 8, 4], "texture": "#0"},
				"down": {"uv": [8, 0, 12, 4], "texture": "#0"}
			}
		}
	],
	"display": {
		"thirdperson_righthand": {
			"scale": [0.24, 0.24, 0.24]
		},
		"thirdperson_lefthand": {
			"scale": [0.24, 0.24, 0.24]
		},
		"firstperson_righthand": {
			"rotation": [0, 120, 0],
			"translation": [0, 3.75, 1.5],
			"scale": [0.33, 0.33, 0.33]
		},
		"firstperson_lefthand": {
			"rotation": [0, 120, 0],
			"translation": [0, 4.5, 2],
			"scale": [0.33, 0.33, 0.33]
		},
		"ground": {
			"scale": [0.24, 0.24, 0.24]
		},
		"gui": {
			"rotation": [24, -134, 0],
			"scale": [0.5, 0.5, 0.5]
		}
	}
}