{
	"credit": "Made with Blockbench",
	"texture_size": [32, 32],
	"textures": {
		"0": "./sp_glasses",
		"particle": "./sp_glasses"
	},
	"elements": [
		{
			"from": [2, 0, 0],
			"to": [7, 5, 2],
			"faces": {
				"north": {"uv": [0, 0, 2.5, 2.5], "texture": "#0"},
				"east": {"uv": [2.5, 0, 3.5, 2.5], "texture": "#0"},
				"south": {"uv": [0, 2.5, 2.5, 5], "texture": "#0"},
				"west": {"uv": [2.5, 2.5, 3.5, 5], "texture": "#0"},
				"up": {"uv": [6, 1, 3.5, 0], "texture": "#0"},
				"down": {"uv": [6, 1, 3.5, 2], "texture": "#0"}
			}
		},
		{
			"from": [9, 0, 0],
			"to": [14, 5, 2],
			"faces": {
				"north": {"uv": [0, 5, 2.5, 7.5], "texture": "#0"},
				"east": {"uv": [5, 5, 6, 7.5], "texture": "#0"},
				"south": {"uv": [2.5, 5, 5, 7.5], "texture": "#0"},
				"west": {"uv": [5.5, 2, 6.5, 4.5], "texture": "#0"},
				"up": {"uv": [8.5, 1, 6, 0], "texture": "#0"},
				"down": {"uv": [8.5, 1, 6, 2], "texture": "#0"}
			}
		},
		{
			"from": [3, 1, -1],
			"to": [6, 4, 0],
			"faces": {
				"north": {"uv": [7.5, 8, 9, 9.5], "texture": "#0"},
				"east": {"uv": [8.5, 0, 9, 1.5], "texture": "#0"},
				"south": {"uv": [0, 8.5, 1.5, 10], "texture": "#0"},
				"west": {"uv": [1.5, 8.5, 2, 10], "texture": "#0"},
				"up": {"uv": [10, 2, 8.5, 1.5], "texture": "#0"},
				"down": {"uv": [3.5, 8.5, 2, 9], "texture": "#0"}
			}
		},
		{
			"from": [3.5, 1.5, -3],
			"to": [5.5, 3.5, -1],
			"faces": {
				"north": {"uv": [3.5, 2, 4.5, 3], "texture": "#0"},
				"east": {"uv": [3.5, 3, 4.5, 4], "texture": "#0"},
				"south": {"uv": [3.5, 4, 4.5, 5], "texture": "#0"},
				"west": {"uv": [4.5, 2, 5.5, 3], "texture": "#0"},
				"up": {"uv": [5.5, 4, 4.5, 3], "texture": "#0"},
				"down": {"uv": [5.5, 4, 4.5, 5], "texture": "#0"}
			}
		},
		{
			"from": [7, 1.5, 0.5],
			"to": [9, 3.5, 1.5],
			"faces": {
				"north": {"uv": [6, 4.5, 7, 5.5], "texture": "#0"},
				"east": {"uv": [6.5, 2, 7, 3], "texture": "#0"},
				"south": {"uv": [6, 5.5, 7, 6.5], "texture": "#0"},
				"west": {"uv": [6.5, 3, 7, 4], "texture": "#0"},
				"up": {"uv": [7.5, 4.5, 6.5, 4], "texture": "#0"},
				"down": {"uv": [7, 6.5, 6, 7], "texture": "#0"}
			}
		},
		{
			"from": [14, 1.5, 2],
			"to": [14, 3.5, 14],
			"faces": {
				"north": {"uv": [0, 0, 0, 1], "texture": "#0"},
				"east": {"uv": [6, 7, 12, 8], "texture": "#0"},
				"south": {"uv": [0, 0, 0, 1], "texture": "#0"},
				"west": {"uv": [6, 9.5, 12, 10.5], "texture": "#0"},
				"up": {"uv": [0, 3.5, 0, 0], "texture": "#0"},
				"down": {"uv": [0, 0, 0, 3.5], "texture": "#0"}
			}
		},
		{
			"from": [2, 1.5, 2],
			"to": [2, 3.5, 14],
			"faces": {
				"north": {"uv": [0, 0, 0, 1], "texture": "#0"},
				"east": {"uv": [7, 2, 13, 3], "texture": "#0"},
				"south": {"uv": [0, 0, 0, 1], "texture": "#0"},
				"west": {"uv": [7, 3, 13, 4], "texture": "#0"},
				"up": {"uv": [0, 3.5, 0, 0], "texture": "#0"},
				"down": {"uv": [0, 0, 0, 3.5], "texture": "#0"}
			}
		},
		{
			"from": [2, 1.5, 14],
			"to": [14, 3.5, 14],
			"faces": {
				"north": {"uv": [7, 4.5, 13, 5.5], "texture": "#0"},
				"east": {"uv": [0, 0, 0, 1], "texture": "#0"},
				"south": {"uv": [7, 5.5, 13, 6.5], "texture": "#0"},
				"west": {"uv": [0, 0, 0, 1], "texture": "#0"},
				"up": {"uv": [6, 0, 0, 0], "texture": "#0"},
				"down": {"uv": [6, 0, 0, 0], "texture": "#0"}
			}
		},
		{
			"from": [7, 1, 13.9],
			"to": [10, 4, 14.1],
			"faces": {
				"north": {"uv": [3.5, 7.5, 5, 9], "texture": "#0"},
				"east": {"uv": [6.5, 8, 7, 9.5], "texture": "#0"},
				"south": {"uv": [5, 8, 6.5, 9.5], "texture": "#0"},
				"west": {"uv": [7, 8, 7.5, 9.5], "texture": "#0"},
				"up": {"uv": [8.5, 7, 7, 6.5], "texture": "#0"},
				"down": {"uv": [9, 4, 7.5, 4.5], "texture": "#0"}
			}
		}
	],
	"display": {
		"thirdperson_righthand": {
			"translation": [0, 3.25, 1.25],
			"scale": [0.42, 0.42, 0.42]
		},
		"thirdperson_lefthand": {
			"translation": [0, 3.25, 1.25],
			"scale": [0.42, 0.42, 0.42]
		},
		"firstperson_righthand": {
			"translation": [0, 5, 0],
			"scale": [0.52, 0.52, 0.52]
		},
		"firstperson_lefthand": {
			"translation": [0, 5.25, 0],
			"scale": [0.52, 0.52, 0.52]
		},
		"ground": {
			"translation": [0, 1.75, 0],
			"scale": [0.57, 0.57, 0.57]
		},
		"gui": {
			"rotation": [34, -132, 0],
			"translation": [-0.75, 2.75, 0],
			"scale": [0.74, 0.74, 0.74]
		},
		"head": {
			"translation": [0, 7, 0.5],
			"scale": [1.28, 1.21, 1.21]
		},
		"fixed": {
			"rotation": [-90, 0, 0],
			"translation": [0, 2.5, -6]
		}
	}
}