{
	"credit": "Made with Blockbench",
	"texture_size": [64, 64],
	"textures": {
		"0": "./white",
		"particle": "./white"
	},
	"elements": [
		{
			"from": [4, 3, 4],
			"to": [12, 11, 12],
			"faces": {
				"north": {"uv": [2.25, 4.5, 4.25, 6.5], "texture": "#0"},
				"east": {"uv": [4.5, 2.25, 6.5, 4.25], "texture": "#0"},
				"south": {"uv": [4.25, 4.5, 6.25, 6.5], "texture": "#0"},
				"west": {"uv": [6.25, 4.25, 8.25, 6.25], "texture": "#0"},
				"up": {"uv": [8.25, 8.25, 6.25, 6.25], "texture": "#0"},
				"down": {"uv": [4.25, 6.5, 2.25, 8.5], "texture": "#0"}
			}
		},
		{
			"from": [3.5, 2.5, 3.5],
			"to": [12.5, 11.5, 12.5],
			"faces": {
				"north": {"uv": [0, 0, 2.25, 2.25], "texture": "#0"},
				"east": {"uv": [0, 2.25, 2.25, 4.5], "texture": "#0"},
				"south": {"uv": [2.25, 0, 4.5, 2.25], "texture": "#0"},
				"west": {"uv": [2.25, 2.25, 4.5, 4.5], "texture": "#0"},
				"up": {"uv": [2.25, 6.75, 0, 4.5], "texture": "#0"},
				"down": {"uv": [6.75, 0, 4.5, 2.25], "texture": "#0"}
			}
		},
		{
			"from": [2, 2, 2],
			"to": [5, 5, 4],
			"rotation": {"angle": 45, "axis": "y", "origin": [4.5, 3.5, 3]},
			"faces": {
				"north": {"uv": [0, 6.75, 0.75, 7.5], "texture": "#0"},
				"east": {"uv": [0.75, 6.75, 1.25, 7.5], "texture": "#0"},
				"south": {"uv": [6.75, 0, 7.5, 0.75], "texture": "#0"},
				"west": {"uv": [6.25, 1, 6.75, 1.75], "texture": "#0"},
				"up": {"uv": [2, 7.25, 1.25, 6.75], "texture": "#0"},
				"down": {"uv": [7.5, 1.5, 6.75, 2], "texture": "#0"}
			}
		},
		{
			"from": [11, 2, 2],
			"to": [14, 5, 4],
			"rotation": {"angle": -45, "axis": "y", "origin": [11.5, 3.5, 3]},
			"faces": {
				"north": {"uv": [6.5, 2.25, 7.25, 3], "texture": "#0"},
				"east": {"uv": [4.25, 6.5, 4.75, 7.25], "texture": "#0"},
				"south": {"uv": [6.5, 3, 7.25, 3.75], "texture": "#0"},
				"west": {"uv": [4.75, 6.5, 5.25, 7.25], "texture": "#0"},
				"up": {"uv": [7.25, 4.25, 6.5, 3.75], "texture": "#0"},
				"down": {"uv": [6, 6.5, 5.25, 7], "texture": "#0"}
			}
		},
		{
			"from": [6.5, 2, 2],
			"to": [9.5, 5, 4],
			"faces": {
				"north": {"uv": [6.75, 0.75, 7.5, 1.5], "texture": "#0"},
				"east": {"uv": [1.25, 7.25, 1.75, 8], "texture": "#0"},
				"south": {"uv": [5.25, 7, 6, 7.75], "texture": "#0"},
				"west": {"uv": [1.75, 7.25, 2.25, 8], "texture": "#0"},
				"up": {"uv": [8, 2.5, 7.25, 2], "texture": "#0"},
				"down": {"uv": [8, 2.5, 7.25, 3], "texture": "#0"}
			}
		}
	],
	"display": {
		"thirdperson_righthand": {
			"scale": [0.52, 0.52, 0.52]
		},
		"thirdperson_lefthand": {
			"scale": [0.52, 0.52, 0.52]
		},
		"firstperson_righthand": {
			"rotation": [0, 120, 0],
			"translation": [1.25, 4.5, 0],
			"scale": [0.69, 0.69, 0.69]
		},
		"firstperson_lefthand": {
			"rotation": [0, 120, 0],
			"translation": [0.75, 5.75, 0],
			"scale": [0.75, 0.75, 0.75]
		},
		"ground": {
			"translation": [0, 1.25, 0],
			"scale": [0.77, 0.77, 0.77]
		},
		"gui": {
			"rotation": [0, 180, 0]
		},
		"head": {
			"translation": [0, 2, -0.75],
			"scale": [1.72, 1.72, 1.72]
		},
		"fixed": {
			"translation": [0, 1.25, 0]
		}
	}
}