{
	"credit": "Made with Blockbench",
	"texture_size": [32, 32],
	"textures": {
		"0": "./lights",
		"particle": "./lights"
	},
	"elements": [
		{
			"from": [4.5, 0.5, 1.4],
			"to": [5.5, 1.5, 2.4],
			"faces": {
				"north": {"uv": [4.50932, 4.01245, 4.96049, 4.45775], "texture": "#0"},
				"east": {"uv": [4.50932, 4.50775, 4.96049, 4.95306], "texture": "#0"},
				"south": {"uv": [0.1, 5.00306, 0.50103, 5.44836], "texture": "#0"},
				"west": {"uv": [0.50103, 5.00306, 1.05207, 5.34836], "texture": "#0"},
				"up": {"uv": [1.50311, 5.44836, 1.10207, 5.00306], "texture": "#0"},
				"down": {"uv": [1.90442, 5.00306, 1.60311, 5.44836], "texture": "#0"}
			}
		},
		{
			"from": [1.5, 3, 1.4],
			"to": [2.5, 4, 2.4],
			"faces": {
				"north": {"uv": [2.00414, 5.00306, 2.50518, 5.49836], "texture": "#0"},
				"east": {"uv": [2.50518, 5.00306, 3.00621, 5.49836], "texture": "#0"},
				"south": {"uv": [3.00621, 5.00306, 3.50725, 5.49836], "texture": "#0"},
				"west": {"uv": [3.50725, 5.00306, 4.00829, 5.49836], "texture": "#0"},
				"up": {"uv": [4.45946, 5.49836, 4.00829, 5.00306], "texture": "#0"},
				"down": {"uv": [5.46153, 4.01245, 5.01035, 4.50775], "texture": "#0"}
			}
		},
		{
			"from": [10.5, 1.5, 1.4],
			"to": [11.5, 2.5, 2.4],
			"faces": {
				"north": {"uv": [5.06035, 7.08428, 5.52045, 7.42959], "texture": "#0"},
				"east": {"uv": [5.52058, 7.08428, 5.9808, 7.42959], "texture": "#0"},
				"south": {"uv": [5.9808, 7.08428, 6.44102, 7.42959], "texture": "#0"},
				"west": {"uv": [6.44102, 7.08428, 6.90124, 7.42959], "texture": "#0"},
				"up": {"uv": [7.31567, 7.42959, 6.90124, 7.08428], "texture": "#0"},
				"down": {"uv": [0.50103, 7.47959, 0, 7.97489], "texture": "#0"}
			}
		},
		{
			"from": [13.5, 2.5, 1.5],
			"to": [14.5, 3.5, 2.5],
			"faces": {
				"north": {"uv": [3.15621, 4.21245, 3.30725, 4.70775], "texture": "#0"},
				"east": {"uv": [3.65725, 4.21245, 3.80829, 4.70775], "texture": "#0"},
				"south": {"uv": [4.15829, 4.21245, 4.30932, 4.70775], "texture": "#0"},
				"west": {"uv": [2.95, 4.50775, 3.4177, 4.90306], "texture": "#0"},
				"up": {"uv": [3.88541, 4.90306, 3.4177, 4.50775], "texture": "#0"},
				"down": {"uv": [4.35311, 4.50775, 3.88541, 4.90306], "texture": "#0"}
			}
		},
		{
			"from": [1.5, 0, 2.5],
			"to": [14.5, 4, 2.5],
			"faces": {
				"north": {"uv": [0, 0.05, 6.46359, 2.03122], "texture": "#0"},
				"east": {"uv": [0, 0.05, 0, 2.03122], "texture": "#0"},
				"south": {"uv": [0, 2.03122, 6.46359, 4.01245], "texture": "#0"},
				"west": {"uv": [0, 0.05, 0, 2.03122], "texture": "#0"},
				"up": {"uv": [6.51346, 0.05, 0, 0.05], "texture": "#0"},
				"down": {"uv": [6.51346, 0.05, 0, 0.05], "texture": "#0"}
			}
		},
		{
			"from": [7.5, 0, 1.4],
			"to": [8.5, 1, 2.4],
			"faces": {
				"north": {"uv": [7.51553, 2.57653, 7.9667, 2.97184], "texture": "#0"},
				"east": {"uv": [3.00621, 7.52959, 3.50725, 7.97489], "texture": "#0"},
				"south": {"uv": [7.51553, 3.07184, 7.96684, 3.46714], "texture": "#0"},
				"west": {"uv": [3.55725, 7.52959, 4.00829, 7.92489], "texture": "#0"},
				"up": {"uv": [7.96684, 3.96245, 7.51553, 3.56714], "texture": "#0"},
				"down": {"uv": [4.50932, 7.52959, 4.00829, 7.97489], "texture": "#0"}
			}
		},
		{
			"from": [1.5, 0, 2.5],
			"to": [1.5, 4, 15.5],
			"rotation": {"angle": 0, "axis": "y", "origin": [8, 2, 7.25]},
			"faces": {
				"north": {"uv": [0, 0.05, 0, 2.03122], "texture": "#0"},
				"east": {"uv": [4.50932, 5.05306, 11.02278, 6.93428], "texture": "#0"},
				"south": {"uv": [0, 0.05, 0, 2.03122], "texture": "#0"},
				"west": {"uv": [6.51346, 0.05, 13.02692, 1.98122], "texture": "#0"},
				"up": {"uv": [0, 6.48897, 0, 0.05], "texture": "#0"},
				"down": {"uv": [0, 0.05, 0, 6.48897], "texture": "#0"}
			}
		},
		{
			"from": [0.4, 1.75, 4],
			"to": [1.4, 2.75, 5],
			"faces": {
				"north": {"uv": [5.16035, 4.55775, 5.41166, 4.95306], "texture": "#0"},
				"east": {"uv": [0.2, 5.59836, 0.61941, 5.89367], "texture": "#0"},
				"south": {"uv": [0.61941, 5.59836, 1.03882, 5.89367], "texture": "#0"},
				"west": {"uv": [1.03882, 5.59836, 1.45823, 5.89367], "texture": "#0"},
				"up": {"uv": [1.87764, 5.89367, 1.45823, 5.59836], "texture": "#0"},
				"down": {"uv": [2.25532, 5.59836, 1.87764, 5.89367], "texture": "#0"}
			}
		},
		{
			"from": [0.4, 1, 7],
			"to": [1.4, 2, 8],
			"faces": {
				"north": {"uv": [2.50518, 5.49836, 3.00621, 5.99367], "texture": "#0"},
				"east": {"uv": [3.00621, 5.49836, 3.50725, 5.99367], "texture": "#0"},
				"south": {"uv": [3.50725, 5.49836, 4.00829, 5.99367], "texture": "#0"},
				"west": {"uv": [4.00829, 5.49836, 4.45946, 5.99367], "texture": "#0"},
				"up": {"uv": [5.96256, 4.50775, 5.51139, 4.01245], "texture": "#0"},
				"down": {"uv": [5.96256, 4.50775, 5.51139, 5.00306], "texture": "#0"}
			}
		},
		{
			"from": [0.4, 2, 9.75],
			"to": [1.4, 3, 10.75],
			"faces": {
				"north": {"uv": [0.1, 6.09367, 0.55937, 6.43897], "texture": "#0"},
				"east": {"uv": [0.55937, 6.09367, 1.01874, 6.43897], "texture": "#0"},
				"south": {"uv": [1.01874, 6.09367, 1.47811, 6.43897], "texture": "#0"},
				"west": {"uv": [1.47811, 6.09367, 1.93747, 6.43897], "texture": "#0"},
				"up": {"uv": [2.39685, 6.43897, 1.93747, 6.09367], "texture": "#0"},
				"down": {"uv": [2.85621, 6.09367, 2.39685, 6.43897], "texture": "#0"}
			}
		},
		{
			"from": [0.4, 2.75, 13.75],
			"to": [1.4, 3.75, 14.75],
			"faces": {
				"north": {"uv": [3.69587, 7.54176, 4.01185, 8.00357], "texture": "#0"},
				"east": {"uv": [3.81185, 7.64176, 4.07784, 8.00357], "texture": "#0"},
				"south": {"uv": [3.27784, 7.59176, 3.69381, 8.00357], "texture": "#0"},
				"west": {"uv": [7.54175, 2.59451, 7.98512, 3.15632], "texture": "#0"},
				"up": {"uv": [7.93512, 3.71814, 7.54175, 3.30632], "texture": "#0"},
				"down": {"uv": [3.96598, 7.65357, 3.6, 7.96538], "texture": "#0"}
			}
		},
		{
			"from": [10.5, 1, 15.35],
			"to": [11.5, 2, 16.35],
			"rotation": {"angle": 0, "axis": "y", "origin": [7.5, 2, 8.125]},
			"faces": {
				"north": {"uv": [0, 5.00306, 0.35103, 5.34836], "texture": "#0"},
				"east": {"uv": [0.45103, 5.00306, 0.80207, 5.34836], "texture": "#0"},
				"south": {"uv": [4.65932, 4.16245, 4.91063, 4.50775], "texture": "#0"},
				"west": {"uv": [4.65932, 4.50775, 4.91063, 4.85306], "texture": "#0"},
				"up": {"uv": [1.30311, 5.34836, 0.95207, 5.00306], "rotation": 180, "texture": "#0"},
				"down": {"uv": [1.75427, 5.00306, 1.45311, 5.34836], "rotation": 180, "texture": "#0"}
			}
		},
		{
			"from": [13.5, 3.5, 15.35],
			"to": [14.5, 4.5, 16.35],
			"rotation": {"angle": 0, "axis": "y", "origin": [7.5, 2, 8.125]},
			"faces": {
				"north": {"uv": [2.40414, 7.08428, 2.50518, 7.47959], "texture": "#0"},
				"east": {"uv": [7.11449, 2.28122, 7.46567, 2.52653], "texture": "#0"},
				"south": {"uv": [2.90518, 7.08428, 3.00621, 7.47959], "texture": "#0"},
				"west": {"uv": [7.11449, 2.77653, 7.46567, 3.02184], "texture": "#0"},
				"up": {"uv": [3.50725, 7.47959, 3.40621, 7.08428], "texture": "#0"},
				"down": {"uv": [7.46567, 3.27184, 7.11449, 3.51714], "texture": "#0"}
			}
		},
		{
			"from": [4.5, 2, 15.35],
			"to": [5.5, 3, 16.35],
			"rotation": {"angle": 0, "axis": "y", "origin": [7.5, 2, 8.125]},
			"faces": {
				"north": {"uv": [0.75, 5.14451, 1.06598, 5.45632], "texture": "#0"},
				"east": {"uv": [0.75, 5.14451, 1.06598, 5.45632], "texture": "#0"},
				"south": {"uv": [0.75, 5.14451, 1.06598, 5.45632], "texture": "#0"},
				"west": {"uv": [0.75, 5.14451, 1.06599, 5.45632], "texture": "#0"},
				"up": {"uv": [1.06599, 5.45632, 0.75, 5.14451], "rotation": 180, "texture": "#0"},
				"down": {"uv": [1.01462, 5.14451, 0.75, 5.45632], "texture": "#0"}
			}
		},
		{
			"from": [1.6, 3, 15.35],
			"to": [2.6, 4, 16.35],
			"rotation": {"angle": 0, "axis": "y", "origin": [7.5, 2, 8.125]},
			"faces": {
				"north": {"uv": [3.75545, 5.14451, 4.08251, 5.45632], "texture": "#0"},
				"east": {"uv": [2.75, 5.10632, 3.13264, 5.41814], "texture": "#0"},
				"south": {"uv": [2.69587, 5.14451, 3.07566, 5.45632], "texture": "#0"},
				"west": {"uv": [3.22566, 5.14451, 3.60545, 5.45632], "texture": "#0"},
				"up": {"uv": [3.66529, 5.41814, 3.28264, 5.10632], "rotation": 180, "texture": "#0"},
				"down": {"uv": [4.19794, 5.10632, 3.81529, 5.41814], "rotation": 180, "texture": "#0"}
			}
		},
		{
			"from": [7.5, 0.5, 15.35],
			"to": [8.5, 1.5, 16.35],
			"rotation": {"angle": 0, "axis": "y", "origin": [7.5, 2, 8.125]},
			"faces": {
				"north": {"uv": [2.55518, 4.60775, 2.65621, 4.90306], "texture": "#0"},
				"east": {"uv": [3.05621, 4.60775, 3.15725, 4.90306], "texture": "#0"},
				"south": {"uv": [1.55311, 4.60775, 1.65414, 4.90306], "texture": "#0"},
				"west": {"uv": [2.05414, 4.60775, 2.15518, 4.90306], "texture": "#0"},
				"up": {"uv": [3.65829, 4.90306, 3.55725, 4.60775], "rotation": 180, "texture": "#0"},
				"down": {"uv": [4.10946, 4.60775, 4.05829, 4.90306], "rotation": 180, "texture": "#0"}
			}
		},
		{
			"from": [1.5, 0.5, 15.25],
			"to": [14.5, 4.5, 15.25],
			"rotation": {"angle": 0, "axis": "y", "origin": [7.5, 2, 8.125]},
			"faces": {
				"north": {"uv": [0, 2.03122, 6.46359, 4.01245], "texture": "#0"},
				"east": {"uv": [0, 0.05, 0, 2.03122], "texture": "#0"},
				"south": {"uv": [0, 0.05, 6.46359, 2.03122], "texture": "#0"},
				"west": {"uv": [0, 0.05, 0, 2.03122], "texture": "#0"},
				"up": {"uv": [6.51346, 0.05, 0, 0.05], "rotation": 180, "texture": "#0"},
				"down": {"uv": [6.51346, 0.05, 0, 0.05], "rotation": 180, "texture": "#0"}
			}
		},
		{
			"from": [14.5, 0.5, 2.25],
			"to": [14.5, 4.5, 15.25],
			"rotation": {"angle": 0, "axis": "y", "origin": [7.5, 2, 8.125]},
			"faces": {
				"north": {"uv": [0, 0.05, 0, 2.03122], "texture": "#0"},
				"east": {"uv": [6.51346, 0.05, 13.02692, 2.03122], "texture": "#0"},
				"south": {"uv": [0, 0.05, 0, 2.03122], "texture": "#0"},
				"west": {"uv": [4.50932, 5.05306, 11.02278, 6.98428], "texture": "#0"},
				"up": {"uv": [0, 6.48897, 0, 0.05], "rotation": 180, "texture": "#0"},
				"down": {"uv": [0, 0.05, 0, 6.48897], "rotation": 180, "texture": "#0"}
			}
		},
		{
			"from": [14.6, 2.25, 12.75],
			"to": [15.6, 3.25, 13.75],
			"rotation": {"angle": 0, "axis": "y", "origin": [7.5, 2, 8.125]},
			"faces": {
				"north": {"uv": [6.51346, 4.26245, 6.96464, 4.50775], "texture": "#0"},
				"east": {"uv": [6.51346, 4.75775, 6.96464, 5.00306], "texture": "#0"},
				"south": {"uv": [0, 7.08428, 0.05, 7.42959], "texture": "#0"},
				"west": {"uv": [0.50103, 7.08428, 0.45207, 7.42959], "texture": "#0"},
				"up": {"uv": [0.95311, 7.42959, 1.00207, 7.08428], "texture": "#0"},
				"down": {"uv": [1.40427, 7.08428, 1.50311, 7.42959], "texture": "#0"}
			}
		},
		{
			"from": [14.6, 1.5, 9.75],
			"to": [15.6, 2.5, 10.75],
			"rotation": {"angle": 0, "axis": "y", "origin": [7.5, 2, 8.125]},
			"faces": {
				"north": {"uv": [6.61346, 2.52653, 6.96464, 2.82184], "texture": "#0"},
				"east": {"uv": [3.05621, 6.53897, 3.40725, 6.93428], "texture": "#0"},
				"south": {"uv": [6.61346, 3.02184, 6.96464, 3.31714], "texture": "#0"},
				"west": {"uv": [3.55725, 6.53897, 3.90829, 6.93428], "texture": "#0"},
				"up": {"uv": [6.91477, 3.81245, 6.61346, 3.51714], "texture": "#0"},
				"down": {"uv": [4.40932, 6.53897, 4.05829, 6.93428], "texture": "#0"}
			}
		},
		{
			"from": [14.6, 2.5, 7],
			"to": [15.6, 3.5, 8],
			"rotation": {"angle": 0, "axis": "y", "origin": [7.5, 2, 8.125]},
			"faces": {
				"north": {"uv": [0.55103, 6.53897, 0.90207, 6.93428], "texture": "#0"},
				"east": {"uv": [1.05207, 6.53897, 1.40311, 6.93428], "texture": "#0"},
				"south": {"uv": [1.55311, 6.53897, 1.90414, 6.93428], "texture": "#0"},
				"west": {"uv": [2.05414, 6.53897, 2.40518, 6.93428], "texture": "#0"},
				"up": {"uv": [6.96464, 2.47699, 6.51346, 2.08076], "texture": "#0"},
				"down": {"uv": [2.90621, 6.53897, 2.55518, 6.93428], "texture": "#0"}
			}
		},
		{
			"from": [14.6, 3.25, 3],
			"to": [15.6, 4.25, 4],
			"rotation": {"angle": 0, "axis": "y", "origin": [7.5, 2, 8.125]},
			"faces": {
				"north": {"uv": [4.20725, 7.02178, 4.67664, 7.47959], "texture": "#0"},
				"east": {"uv": [7.09299, 3.01714, 7.46895, 3.47495], "texture": "#0"},
				"south": {"uv": [4.67664, 7.02178, 5.14603, 7.47959], "texture": "#0"},
				"west": {"uv": [7.04299, 3.67495, 7.41895, 4.13275], "texture": "#0"},
				"up": {"uv": [5.61542, 7.47959, 5.14603, 7.02178], "texture": "#0"},
				"down": {"uv": [7.46567, 4.13275, 7.04299, 4.59056], "texture": "#0"}
			}
		}
	],
	"display": {
		"thirdperson_righthand": {
			"translation": [0, 3, 1.5],
			"scale": [0.41, 0.41, 0.41]
		},
		"thirdperson_lefthand": {
			"translation": [0, 3, 1.5],
			"scale": [0.41, 0.41, 0.41]
		},
		"firstperson_righthand": {
			"rotation": [0, 87, 0],
			"translation": [0, 5.75, 0],
			"scale": [0.48, 0.48, 0.48]
		},
		"firstperson_lefthand": {
			"rotation": [0, -180, 0],
			"translation": [0, 5.75, 0],
			"scale": [0.48, 0.48, 0.48]
		},
		"ground": {
			"translation": [0, 2.5, 0],
			"scale": [0.7, 0.7, 0.7]
		},
		"gui": {
			"rotation": [36, -148, 0],
			"translation": [0.75, 3, 0],
			"scale": [0.81, 0.81, 0.81]
		},
		"head": {
			"translation": [0, 9.75, -1],
			"scale": [1.15, 1.15, 1.15]
		},
		"fixed": {
			"rotation": [-90, 0, 0],
			"translation": [0, -0.5, -4.5],
			"scale": [0.83, 0.83, 0.83]
		}
	},
	"groups": [
		{
			"name": "group",
			"origin": [7.5, 2, 8.125],
			"color": 0,
			"children": [0, 1, 2, 3, 4, 5, 6, 7, 8, 9, 10, 11, 12, 13, 14, 15, 16, 17, 18, 19, 20, 21]
		}
	]
}