{"providers":[{"file":"font/base/black.png","chars":["\uF822"],"height":1,"ascent":-5000,"type":"bitmap"},{"file":"font/base/black.png","chars":["\uF823"],"height":2,"ascent":-5000,"type":"bitmap"},{"file":"font/base/black.png","chars":["\uF824"],"height":3,"ascent":-5000,"type":"bitmap"},{"file":"font/base/black.png","chars":["\uF825"],"height":4,"ascent":-5000,"type":"bitmap"},{"file":"font/base/black.png","chars":["\uF826"],"height":5,"ascent":-5000,"type":"bitmap"},{"file":"font/base/black.png","chars":["\uF827"],"height":6,"ascent":-5000,"type":"bitmap"},{"file":"font/base/black.png","chars":["\uF828"],"height":7,"ascent":-5000,"type":"bitmap"},{"file":"font/base/black.png","chars":["\uF829"],"height":15,"ascent":-5000,"type":"bitmap"},{"file":"font/base/black.png","chars":["\uF82A"],"height":31,"ascent":-5000,"type":"bitmap"},{"file":"font/base/black.png","chars":["\uF82B"],"height":63,"ascent":-5000,"type":"bitmap"},{"file":"font/base/black.png","chars":["\uF82C"],"height":127,"ascent":-5000,"type":"bitmap"},{"file":"font/base/black.png","chars":["\uF82D"],"height":256,"ascent":-5000,"type":"bitmap"},{"file":"font/base/black.png","chars":["\uF82E"],"height":512,"ascent":-5000,"type":"bitmap"},{"file":"font/base/black.png","chars":["\uF82F"],"height":1024,"ascent":-5000,"type":"bitmap"},{"file":"font/base/black.png","chars":["\uF82F"],"height":1023,"ascent":-5000,"type":"bitmap"},{"file":"font/base/black.png","chars":["\uF801"],"height":-3,"ascent":-5000,"type":"bitmap"},{"file":"font/base/black.png","chars":["\uF802"],"height":-4,"ascent":-5000,"type":"bitmap"},{"file":"font/base/black.png","chars":["\uF803"],"height":-5,"ascent":-5000,"type":"bitmap"},{"file":"font/base/black.png","chars":["\uF804"],"height":-6,"ascent":-5000,"type":"bitmap"},{"file":"font/base/black.png","chars":["\uF805"],"height":-7,"ascent":-5000,"type":"bitmap"},{"file":"font/base/black.png","chars":["\uF806"],"height":-8,"ascent":-5000,"type":"bitmap"},{"file":"font/base/black.png","chars":["\uF807"],"height":-9,"ascent":-5000,"type":"bitmap"},{"file":"font/base/black.png","chars":["\uF808"],"height":-10,"ascent":-5000,"type":"bitmap"},{"file":"font/base/black.png","chars":["\uF809"],"height":-18,"ascent":-5000,"type":"bitmap"},{"file":"font/base/black.png","chars":["\uF80A"],"height":-34,"ascent":-5000,"type":"bitmap"},{"file":"font/base/black.png","chars":["\uF80B"],"height":-66,"ascent":-5000,"type":"bitmap"},{"file":"font/base/black.png","chars":["\uF80C"],"height":-130,"ascent":-5000,"type":"bitmap"},{"file":"font/base/black.png","chars":["\uF80D"],"height":-259,"ascent":-5000,"type":"bitmap"},{"file":"font/base/black.png","chars":["\uF80E"],"height":-515,"ascent":-5000,"type":"bitmap"},{"file":"font/base/black.png","chars":["\uF80F"],"height":-1027,"ascent":-5000,"type":"bitmap"},{"file":"pwgood_emotes:font/emotes/4head.png","chars":[""],"height":11,"ascent":10,"type":"bitmap"},{"file":"pwgood_emotes:font/emotes/4header.png","chars":[""],"height":10,"ascent":9,"type":"bitmap"},{"file":"pwgood_emotes:font/emotes/4house.png","chars":[""],"height":13,"ascent":11,"type":"bitmap"},{"file":"pwgood_emotes:font/emotes/5chomp.png","chars":[""],"height":11,"ascent":9,"type":"bitmap"},{"file":"pwgood_emotes:font/emotes/actually.png","chars":[""],"height":10,"ascent":9,"type":"bitmap"},{"file":"pwgood_emotes:font/emotes/alienunpleased.png","chars":[""],"height":12,"ascent":10,"type":"bitmap"},{"file":"pwgood_emotes:font/emotes/aware.png","chars":[""],"height":11,"ascent":9,"type":"bitmap"},{"file":"pwgood_emotes:font/emotes/ny/aware_ny.png","chars":[""],"height":13,"ascent":11,"type":"bitmap"},{"file":"pwgood_emotes:font/emotes/aweewoo.png","chars":[""],"height":11,"ascent":9,"type":"bitmap"},{"file":"pwgood_emotes:font/emotes/balls.png","chars":[""],"height":11,"ascent":8,"type":"bitmap"},{"file":"pwgood_emotes:font/emotes/based.png","chars":[""],"height":11,"ascent":9,"type":"bitmap"},{"file":"pwgood_emotes:font/emotes/batchest.png","chars":[""],"height":10,"ascent":9,"type":"bitmap"},{"file":"pwgood_emotes:font/emotes/besplatno.png","chars":[""],"height":10,"ascent":9,"type":"bitmap"},{"file":"pwgood_emotes:font/emotes/ny/binoculars_ny.png","chars":[""],"height":11,"ascent":10,"type":"bitmap"},{"file":"pwgood_emotes:font/emotes/binoculars.png","chars":[""],"height":11,"ascent":10,"type":"bitmap"},{"file":"pwgood_emotes:font/emotes/ny/binoculars_ny.png","chars":[""],"height":11,"ascent":10,"type":"bitmap"},{"file":"pwgood_emotes:font/emotes/blyatge.png","chars":[""],"height":10,"ascent":10,"type":"bitmap"},{"file":"pwgood_emotes:font/emotes/bob.png","chars":[""],"height":11,"ascent":9,"type":"bitmap"},{"file":"pwgood_emotes:font/emotes/bogged.png","chars":[""],"height":11,"ascent":10,"type":"bitmap"},{"file":"pwgood_emotes:font/emotes/bruh.png","chars":[""],"height":11,"ascent":10,"type":"bitmap"},{"file":"pwgood_emotes:font/emotes/catsittingverycomfortable.png","chars":[""],"height":11,"ascent":9,"type":"bitmap"},{"file":"pwgood_emotes:font/emotes/chainik.png","chars":[""],"height":13,"ascent":10,"type":"bitmap"},{"file":"pwgood_emotes:font/emotes/cheems.png","chars":[""],"height":11,"ascent":9,"type":"bitmap"},{"file":"pwgood_emotes:font/emotes/pwgoodchel.png","chars":[""],"height":13,"ascent":10,"type":"bitmap"},{"file":"pwgood_emotes:font/emotes/clap.png","chars":[""],"height":10,"ascent":9,"type":"bitmap"},{"file":"pwgood_emotes:font/emotes/clueless.png","chars":[""],"height":11,"ascent":9,"type":"bitmap"},{"file":"pwgood_emotes:font/emotes/ny/clueless_ny.png","chars":[""],"height":11,"ascent":9,"type":"bitmap"},{"file":"pwgood_emotes:font/emotes/cmonbruh.png","chars":[""],"height":12,"ascent":9,"type":"bitmap"},{"file":"pwgood_emotes:font/emotes/copium.png","chars":[""],"height":10,"ascent":9,"type":"bitmap"},{"file":"pwgood_emotes:font/emotes/derpl.png","chars":[""],"height":19,"ascent":13,"type":"bitmap"},{"file":"pwgood_emotes:font/emotes/despair.png","chars":[""],"height":12,"ascent":10,"type":"bitmap"},{"file":"pwgood_emotes:font/emotes/discussion.png","chars":[""],"height":10,"ascent":9,"type":"bitmap"},{"file":"pwgood_emotes:font/emotes/horny.png","chars":[""],"height":10,"ascent":9,"type":"bitmap"},{"file":"pwgood_emotes:font/emotes/durka.png","chars":[""],"height":11,"ascent":9,"type":"bitmap"},{"file":"pwgood_emotes:font/emotes/eshrug.png","chars":[""],"height":12,"ascent":11,"type":"bitmap"},{"file":"pwgood_emotes:font/emotes/etokomu.png","chars":[""],"height":11,"ascent":9,"type":"bitmap"},{"file":"pwgood_emotes:font/emotes/ny/feelsbadman_ny.png","chars":[""],"height":11,"ascent":9,"type":"bitmap"},{"file":"pwgood_emotes:font/emotes/ny/feelsdankman_ny.png","chars":[""],"height":11,"ascent":9,"type":"bitmap"},{"file":"pwgood_emotes:font/emotes/feelsamazingman.png","chars":[""],"height":11,"ascent":9,"type":"bitmap"},{"file":"pwgood_emotes:font/emotes/feelsamazingman.png","chars":[""],"height":11,"ascent":9,"type":"bitmap"},{"file":"pwgood_emotes:font/emotes/feelsbadman.png","chars":[""],"height":11,"ascent":9,"type":"bitmap"},{"file":"pwgood_emotes:font/emotes/ny/feelsbadman_ny.png","chars":[""],"height":11,"ascent":9,"type":"bitmap"},{"file":"pwgood_emotes:font/emotes/feelsdankman.png","chars":[""],"height":11,"ascent":9,"type":"bitmap"},{"file":"pwgood_emotes:font/emotes/ny/feelsdankman_ny.png","chars":[""],"height":11,"ascent":9,"type":"bitmap"},{"file":"pwgood_emotes:font/emotes/feelsdonkman.png","chars":[""],"height":11,"ascent":9,"type":"bitmap"},{"file":"pwgood_emotes:font/emotes/feelsdyslexiaman.png","chars":[""],"height":11,"ascent":9,"type":"bitmap"},{"file":"pwgood_emotes:font/emotes/feelsdyslexiaman.png","chars":[""],"height":11,"ascent":9,"type":"bitmap"},{"file":"pwgood_emotes:font/emotes/feelsgoodman.png","chars":[""],"height":11,"ascent":9,"type":"bitmap"},{"file":"pwgood_emotes:font/emotes/feelsokayman.png","chars":[""],"height":10,"ascent":9,"type":"bitmap"},{"file":"pwgood_emotes:font/emotes/ny/feelsokayman_ny.png","chars":[""],"height":10,"ascent":9,"type":"bitmap"},{"file":"pwgood_emotes:font/emotes/feelsstrongman.png","chars":[""],"height":10,"ascent":9,"type":"bitmap"},{"file":"pwgood_emotes:font/emotes/ny/feelsstrongman_ny.png","chars":[""],"height":10,"ascent":9,"type":"bitmap"},{"file":"pwgood_emotes:font/emotes/feelsweirdman.png","chars":[""],"height":11,"ascent":9,"type":"bitmap"},{"file":"pwgood_emotes:font/emotes/ny/feelsweirdman_ny.png","chars":[""],"height":11,"ascent":9,"type":"bitmap"},{"file":"pwgood_emotes:font/emotes/flushe.png","chars":[""],"height":11,"ascent":9,"type":"bitmap"},{"file":"pwgood_emotes:font/emotes/flushed.png","chars":[""],"height":12,"ascent":10,"type":"bitmap"},{"file":"pwgood_emotes:font/emotes/ny/feelsokayman_ny.png","chars":[""],"height":10,"ascent":9,"type":"bitmap"},{"file":"pwgood_emotes:font/emotes/forsen1.png","chars":[""],"height":12,"ascent":10,"type":"bitmap"},{"file":"pwgood_emotes:font/emotes/forsen2.png","chars":[""],"height":12,"ascent":10,"type":"bitmap"},{"file":"pwgood_emotes:font/emotes/forsen3.png","chars":[""],"height":12,"ascent":8,"type":"bitmap"},{"file":"pwgood_emotes:font/emotes/forsen4.png","chars":[""],"height":12,"ascent":8,"type":"bitmap"},{"file":"pwgood_emotes:font/emotes/forsenbased.png","chars":[""],"height":11,"ascent":10,"type":"bitmap"},{"file":"pwgood_emotes:font/emotes/forsenbirthday.png","chars":[""],"height":11,"ascent":9,"type":"bitmap"},{"file":"pwgood_emotes:font/emotes/forsencd.png","chars":[""],"height":11,"ascent":9,"type":"bitmap"},{"file":"pwgood_emotes:font/emotes/forsendespair.png","chars":[""],"height":12,"ascent":10,"type":"bitmap"},{"file":"pwgood_emotes:font/emotes/forsene.png","chars":[""],"height":12,"ascent":10,"type":"bitmap"},{"file":"pwgood_emotes:font/emotes/forsenkek.png","chars":[""],"height":11,"ascent":9,"type":"bitmap"},{"file":"pwgood_emotes:font/emotes/forsenlevel.png","chars":[""],"height":11,"ascent":9,"type":"bitmap"},{"file":"pwgood_emotes:font/emotes/forsenscoots.png","chars":[""],"height":11,"ascent":9,"type":"bitmap"},{"file":"pwgood_emotes:font/emotes/forsensmug.png","chars":[""],"height":11,"ascent":9,"type":"bitmap"},{"file":"pwgood_emotes:font/emotes/forsenwhat.png","chars":[""],"height":11,"ascent":9,"type":"bitmap"},{"file":"pwgood_emotes:font/emotes/ny/feelsstrongman_ny.png","chars":[""],"height":10,"ascent":9,"type":"bitmap"},{"file":"pwgood_emotes:font/emotes/ny/feelsweirdman_ny.png","chars":[""],"height":11,"ascent":9,"type":"bitmap"},{"file":"pwgood_emotes:font/emotes/gachigasm.png","chars":[""],"height":11,"ascent":9,"type":"bitmap"},{"file":"pwgood_emotes:font/emotes/ny/gachigasm_ny.png","chars":[""],"height":11,"ascent":9,"type":"bitmap"},{"file":"pwgood_emotes:font/emotes/gasp.png","chars":[""],"height":11,"ascent":9,"type":"bitmap"},{"file":"pwgood_emotes:font/emotes/gigachad.png","chars":[""],"height":11,"ascent":9,"type":"bitmap"},{"file":"pwgood_emotes:font/emotes/goodmorning.png","chars":[""],"height":12,"ascent":10,"type":"bitmap"},{"file":"pwgood_emotes:font/emotes/gva.png","chars":[""],"height":10,"ascent":9,"type":"bitmap"},{"file":"pwgood_emotes:font/emotes/handshakege.png","chars":[""],"height":10,"ascent":9,"type":"bitmap"},{"file":"pwgood_emotes:font/emotes/harold.png","chars":[""],"height":11,"ascent":9,"type":"bitmap"},{"file":"pwgood_emotes:font/emotes/hmm.png","chars":[""],"height":10,"ascent":9,"type":"bitmap"},{"file":"pwgood_emotes:font/emotes/ny/hmm_ny.png","chars":[""],"height":10,"ascent":9,"type":"bitmap"},{"file":"pwgood_emotes:font/emotes/hmm.png","chars":[""],"height":10,"ascent":9,"type":"bitmap"},{"file":"pwgood_emotes:font/emotes/hmm.png","chars":[""],"height":10,"ascent":9,"type":"bitmap"},{"file":"pwgood_emotes:font/emotes/homi.png","chars":[""],"height":13,"ascent":10,"type":"bitmap"},{"file":"pwgood_emotes:font/emotes/ny/homi_ny.png","chars":[""],"height":13,"ascent":10,"type":"bitmap"},{"file":"pwgood_emotes:font/emotes/horny.png","chars":[""],"height":10,"ascent":9,"type":"bitmap"},{"file":"pwgood_emotes:font/emotes/jaba.png","chars":[""],"height":11,"ascent":9,"type":"bitmap"},{"file":"pwgood_emotes:font/emotes/jebaited.png","chars":[""],"height":11,"ascent":9,"type":"bitmap"},{"file":"pwgood_emotes:font/emotes/kapp.png","chars":[""],"height":11,"ascent":9,"type":"bitmap"},{"file":"pwgood_emotes:font/emotes/kappa.png","chars":[""],"height":13,"ascent":10,"type":"bitmap"},{"file":"pwgood_emotes:font/emotes/kavo.png","chars":[""],"height":12,"ascent":10,"type":"bitmap"},{"file":"pwgood_emotes:font/emotes/keepo.png","chars":[""],"height":11,"ascent":9,"type":"bitmap"},{"file":"pwgood_emotes:font/emotes/forsenkek.png","chars":[""],"height":11,"ascent":9,"type":"bitmap"},{"file":"pwgood_emotes:font/emotes/kekehands.png","chars":[""],"height":12,"ascent":10,"type":"bitmap"},{"file":"pwgood_emotes:font/emotes/kekg.png","chars":[""],"height":12,"ascent":10,"type":"bitmap"},{"file":"pwgood_emotes:font/emotes/kekvv.png","chars":[""],"height":11,"ascent":9,"type":"bitmap"},{"file":"pwgood_emotes:font/emotes/kekvv.png","chars":[""],"height":11,"ascent":9,"type":"bitmap"},{"file":"pwgood_emotes:font/emotes/kekwait.png","chars":[""],"height":11,"ascent":9,"type":"bitmap"},{"file":"pwgood_emotes:font/emotes/kkomrade.png","chars":[""],"height":11,"ascent":9,"type":"bitmap"},{"file":"pwgood_emotes:font/emotes/kkona.png","chars":[""],"height":11,"ascent":9,"type":"bitmap"},{"file":"pwgood_emotes:font/emotes/klass.png","chars":[""],"height":11,"ascent":9,"type":"bitmap"},{"file":"pwgood_emotes:font/emotes/ktowho.png","chars":[""],"height":11,"ascent":9,"type":"bitmap"},{"file":"pwgood_emotes:font/emotes/life.png","chars":[""],"height":11,"ascent":9,"type":"bitmap"},{"file":"pwgood_emotes:font/emotes/loik.png","chars":[""],"height":11,"ascent":9,"type":"bitmap"},{"file":"pwgood_emotes:font/emotes/lole.png","chars":[""],"height":11,"ascent":9,"type":"bitmap"},{"file":"pwgood_emotes:font/emotes/lule.png","chars":[""],"height":11,"ascent":9,"type":"bitmap"},{"file":"pwgood_emotes:font/emotes/lulw.png","chars":[""],"height":11,"ascent":9,"type":"bitmap"},{"file":"pwgood_emotes:font/emotes/lurkpotato.png","chars":[""],"height":11,"ascent":9,"type":"bitmap"},{"file":"pwgood_emotes:font/emotes/maaaaan.png","chars":[""],"height":11,"ascent":9,"type":"bitmap"},{"file":"pwgood_emotes:font/emotes/maaaaan.png","chars":[""],"height":11,"ascent":9,"type":"bitmap"},{"file":"pwgood_emotes:font/emotes/maaaaan.png","chars":[""],"height":11,"ascent":9,"type":"bitmap"},{"file":"pwgood_emotes:font/emotes/maaaaan.png","chars":[""],"height":11,"ascent":9,"type":"bitmap"},{"file":"pwgood_emotes:font/emotes/mandarino.png","chars":[""],"height":11,"ascent":9,"type":"bitmap"},{"file":"pwgood_emotes:font/emotes/megalul.png","chars":[""],"height":12,"ascent":9,"type":"bitmap"},{"file":"pwgood_emotes:font/emotes/mmmmm.png","chars":[""],"height":11,"ascent":9,"type":"bitmap"},{"file":"pwgood_emotes:font/emotes/mmmmm.png","chars":[""],"height":11,"ascent":9,"type":"bitmap"},{"file":"pwgood_emotes:font/emotes/mmmmm.png","chars":[""],"height":11,"ascent":9,"type":"bitmap"},{"file":"pwgood_emotes:font/emotes/mmmmm.png","chars":[""],"height":11,"ascent":9,"type":"bitmap"},{"file":"pwgood_emotes:font/emotes/mojang.png","chars":[""],"height":11,"ascent":8,"type":"bitmap"},{"file":"pwgood_emotes:font/emotes/monkahmm.png","chars":[""],"height":11,"ascent":9,"type":"bitmap"},{"file":"pwgood_emotes:font/emotes/monkalaugh.png","chars":[""],"height":11,"ascent":9,"type":"bitmap"},{"file":"pwgood_emotes:font/emotes/monkaomega.png","chars":[""],"height":11,"ascent":9,"type":"bitmap"},{"file":"pwgood_emotes:font/emotes/monkatos.png","chars":[""],"height":11,"ascent":9,"type":"bitmap"},{"file":"pwgood_emotes:font/emotes/monkauomega.png","chars":[""],"height":11,"ascent":9,"type":"bitmap"},{"file":"pwgood_emotes:font/emotes/myhonestreaction.png","chars":[""],"height":11,"ascent":10,"type":"bitmap"},{"file":"pwgood_emotes:font/emotes/myhonestreaction.png","chars":[""],"height":11,"ascent":10,"type":"bitmap"},{"file":"pwgood_emotes:font/emotes/nam.png","chars":[""],"height":12,"ascent":9,"type":"bitmap"},{"file":"pwgood_emotes:font/emotes/napadaiw.png","chars":[""],"height":11,"ascent":9,"type":"bitmap"},{"file":"pwgood_emotes:font/emotes/napal.png","chars":[""],"height":11,"ascent":9,"type":"bitmap"},{"file":"pwgood_emotes:font/emotes/navstare.png","chars":[""],"height":11,"ascent":9,"type":"bitmap"},{"file":"pwgood_emotes:font/emotes/neklass.png","chars":[""],"height":11,"ascent":9,"type":"bitmap"},{"file":"pwgood_emotes:font/emotes/nespravedlivo.png","chars":[""],"height":12,"ascent":9,"type":"bitmap"},{"file":"pwgood_emotes:font/emotes/noo.png","chars":[""],"height":13,"ascent":10,"type":"bitmap"},{"file":"pwgood_emotes:font/emotes/ny/noo_ny.png","chars":[""],"height":13,"ascent":10,"type":"bitmap"},{"file":"pwgood_emotes:font/emotes/noo.png","chars":[""],"height":13,"ascent":10,"type":"bitmap"},{"file":"pwgood_emotes:font/emotes/nothanks.png","chars":[""],"height":12,"ascent":10,"type":"bitmap"},{"file":"pwgood_emotes:font/emotes/ny/nothanks_ny.png","chars":[""],"height":12,"ascent":10,"type":"bitmap"},{"file":"pwgood_emotes:font/emotes/notsurepotato.png","chars":[""],"height":11,"ascent":9,"type":"bitmap"},{"file":"pwgood_emotes:font/emotes/ok.png","chars":[""],"height":13,"ascent":11,"type":"bitmap"},{"file":"pwgood_emotes:font/emotes/ny/ok_ny.png","chars":[""],"height":13,"ascent":11,"type":"bitmap"},{"file":"pwgood_emotes:font/emotes/okaychomp.png","chars":[""],"height":11,"ascent":9,"type":"bitmap"},{"file":"pwgood_emotes:font/emotes/okayeg.png","chars":[""],"height":13,"ascent":10,"type":"bitmap"},{"file":"pwgood_emotes:font/emotes/ny/okayeg_ny.png","chars":[""],"height":12,"ascent":10,"type":"bitmap"},{"file":"pwgood_emotes:font/emotes/okey.png","chars":[""],"height":11,"ascent":9,"type":"bitmap"},{"file":"pwgood_emotes:font/emotes/omegalul.png","chars":[""],"height":13,"ascent":10,"type":"bitmap"},{"file":"pwgood_emotes:font/emotes/ny/omegalul_ny.png","chars":[""],"height":13,"ascent":10,"type":"bitmap"},{"file":"pwgood_emotes:font/emotes/ozonf.png","chars":[""],"height":12,"ascent":10,"type":"bitmap"},{"file":"pwgood_emotes:font/emotes/pag.png","chars":[""],"height":11,"ascent":9,"type":"bitmap"},{"file":"pwgood_emotes:font/emotes/pagchomp.png","chars":[""],"height":12,"ascent":9,"type":"bitmap"},{"file":"pwgood_emotes:font/emotes/pagman.png","chars":[""],"height":11,"ascent":9,"type":"bitmap"},{"file":"pwgood_emotes:font/emotes/pausechamp.png","chars":[""],"height":11,"ascent":9,"type":"bitmap"},{"file":"pwgood_emotes:font/emotes/peepobuilder.png","chars":[""],"height":12,"ascent":10,"type":"bitmap"},{"file":"pwgood_emotes:font/emotes/peepo_chill.png","chars":[""],"height":14,"ascent":12,"type":"bitmap"},{"file":"pwgood_emotes:font/emotes/peepocoffee.png","chars":[""],"height":11,"ascent":9,"type":"bitmap"},{"file":"pwgood_emotes:font/emotes/peepocomfy.png","chars":[""],"height":13,"ascent":10,"type":"bitmap"},{"file":"pwgood_emotes:font/emotes/peepodetective.png","chars":[""],"height":11,"ascent":9,"type":"bitmap"},{"file":"pwgood_emotes:font/emotes/peepodown.png","chars":[""],"height":12,"ascent":10,"type":"bitmap"},{"file":"pwgood_emotes:font/emotes/peepoez.png","chars":[""],"height":11,"ascent":9,"type":"bitmap"},{"file":"pwgood_emotes:font/emotes/peepofarmer.png","chars":[""],"height":12,"ascent":10,"type":"bitmap"},{"file":"pwgood_emotes:font/emotes/peepofriendship.png","chars":[""],"height":12,"ascent":10,"type":"bitmap"},{"file":"pwgood_emotes:font/emotes/peepohappy.png","chars":[""],"height":11,"ascent":9,"type":"bitmap"},{"file":"pwgood_emotes:font/emotes/ny/peepohappy_ny.png","chars":[""],"height":11,"ascent":9,"type":"bitmap"},{"file":"pwgood_emotes:font/emotes/peepoknife.png","chars":[""],"height":12,"ascent":11,"type":"bitmap"},{"file":"pwgood_emotes:font/emotes/peepolove.png","chars":[""],"height":11,"ascent":9,"type":"bitmap"},{"file":"pwgood_emotes:font/emotes/peepolurk.png","chars":[""],"height":13,"ascent":11,"type":"bitmap"},{"file":"pwgood_emotes:font/emotes/peepookay.png","chars":[""],"height":11,"ascent":9,"type":"bitmap"},{"file":"pwgood_emotes:font/emotes/peepopoo.png","chars":[""],"height":12,"ascent":9,"type":"bitmap"},{"file":"pwgood_emotes:font/emotes/peeporain.png","chars":[""],"height":11,"ascent":10,"type":"bitmap"},{"file":"pwgood_emotes:font/emotes/peepos.png","chars":[""],"height":12,"ascent":10,"type":"bitmap"},{"file":"pwgood_emotes:font/emotes/ny/peepos_ny.png","chars":[""],"height":12,"ascent":10,"type":"bitmap"},{"file":"pwgood_emotes:font/emotes/peeposad.png","chars":[""],"height":11,"ascent":9,"type":"bitmap"},{"file":"pwgood_emotes:font/emotes/ny/peeposad_ny.png","chars":[""],"height":11,"ascent":9,"type":"bitmap"},{"file":"pwgood_emotes:font/emotes/peeposhy.png","chars":[""],"height":15,"ascent":13,"type":"bitmap"},{"file":"pwgood_emotes:font/emotes/peeposit.png","chars":[""],"height":11,"ascent":9,"type":"bitmap"},{"file":"pwgood_emotes:font/emotes/peeposnow.png","chars":[""],"height":10,"ascent":9,"type":"bitmap"},{"file":"pwgood_emotes:font/emotes/peepowtf.png","chars":[""],"height":11,"ascent":9,"type":"bitmap"},{"file":"pwgood_emotes:font/emotes/ny/peepowtf_ny.png","chars":[""],"height":11,"ascent":9,"type":"bitmap"},{"file":"pwgood_emotes:font/emotes/pepea.png","chars":[""],"height":12,"ascent":9,"type":"bitmap"},{"file":"pwgood_emotes:font/emotes/pepehands.png","chars":[""],"height":13,"ascent":10,"type":"bitmap"},{"file":"pwgood_emotes:font/emotes/ny/pepehands_ny.png","chars":[""],"height":13,"ascent":10,"type":"bitmap"},{"file":"pwgood_emotes:font/emotes/pepelaugh.png","chars":[""],"height":13,"ascent":9,"type":"bitmap"},{"file":"pwgood_emotes:font/emotes/pepepains.png","chars":[""],"height":11,"ascent":9,"type":"bitmap"},{"file":"pwgood_emotes:font/emotes/pepew.png","chars":[""],"height":10,"ascent":9,"type":"bitmap"},{"file":"pwgood_emotes:font/emotes/pepey.png","chars":[""],"height":13,"ascent":10,"type":"bitmap"},{"file":"pwgood_emotes:font/emotes/pepog.png","chars":[""],"height":13,"ascent":11,"type":"bitmap"},{"file":"pwgood_emotes:font/emotes/pog.png","chars":[""],"height":12,"ascent":9,"type":"bitmap"},{"file":"pwgood_emotes:font/emotes/pokupaitedengi.png","chars":[""],"height":13,"ascent":10,"type":"bitmap"},{"file":"pwgood_emotes:font/emotes/pooshka.png","chars":[""],"height":13,"ascent":10,"type":"bitmap"},{"file":"pwgood_emotes:font/emotes/porosad.png","chars":[""],"height":12,"ascent":10,"type":"bitmap"},{"file":"pwgood_emotes:font/emotes/potfriend.png","chars":[""],"height":13,"ascent":10,"type":"bitmap"},{"file":"pwgood_emotes:font/emotes/potunpleased.png","chars":[""],"height":13,"ascent":10,"type":"bitmap"},{"file":"pwgood_emotes:font/emotes/ppl.png","chars":[""],"height":11,"ascent":9,"type":"bitmap"},{"file":"pwgood_emotes:font/emotes/ny/ppl_ny.png","chars":[""],"height":13,"ascent":11,"type":"bitmap"},{"file":"pwgood_emotes:font/emotes/pwgood.png","chars":[""],"height":13,"ascent":10,"type":"bitmap"},{"file":"pwgood_emotes:font/emotes/pwgood3.png","chars":[""],"height":13,"ascent":10,"type":"bitmap"},{"file":"pwgood_emotes:font/emotes/pwgoodaaa.png","chars":[""],"height":11,"ascent":9,"type":"bitmap"},{"file":"pwgood_emotes:font/emotes/pwgoodbased.png","chars":[""],"height":12,"ascent":9,"type":"bitmap"},{"file":"pwgood_emotes:font/emotes/pwgoodcat.png","chars":[""],"height":12,"ascent":9,"type":"bitmap"},{"file":"pwgood_emotes:font/emotes/pwgoodchel.png","chars":[""],"height":13,"ascent":10,"type":"bitmap"},{"file":"pwgood_emotes:font/emotes/pwgooddespair.png","chars":[""],"height":12,"ascent":9,"type":"bitmap"},{"file":"pwgood_emotes:font/emotes/pwgoodfeels.png","chars":[""],"height":10,"ascent":9,"type":"bitmap"},{"file":"pwgood_emotes:font/emotes/pwgoodg.png","chars":[""],"height":13,"ascent":10,"type":"bitmap"},{"file":"pwgood_emotes:font/emotes/pwgoodgun.png","chars":[""],"height":13,"ascent":10,"type":"bitmap"},{"file":"pwgood_emotes:font/emotes/pwgoodhey.png","chars":[""],"height":12,"ascent":9,"type":"bitmap"},{"file":"pwgood_emotes:font/emotes/pwgoodinsane.png","chars":[""],"height":11,"ascent":9,"type":"bitmap"},{"file":"pwgood_emotes:font/emotes/pwgoodkid.png","chars":[""],"height":11,"ascent":9,"type":"bitmap"},{"file":"pwgood_emotes:font/emotes/pwgoodklass.png","chars":[""],"height":13,"ascent":10,"type":"bitmap"},{"file":"pwgood_emotes:font/emotes/pwgoodkomu.png","chars":[""],"height":13,"ascent":9,"type":"bitmap"},{"file":"pwgood_emotes:font/emotes/pwgoodl.png","chars":[""],"height":13,"ascent":10,"type":"bitmap"},{"file":"pwgood_emotes:font/emotes/pwgoodlife.png","chars":[""],"height":10,"ascent":9,"type":"bitmap"},{"file":"pwgood_emotes:font/emotes/pwgoodnapadai.png","chars":[""],"height":12,"ascent":9,"type":"bitmap"},{"file":"pwgood_emotes:font/emotes/pwgoodpag.png","chars":[""],"height":10,"ascent":9,"type":"bitmap"},{"file":"pwgood_emotes:font/emotes/pwgoodraffle.png","chars":[""],"height":13,"ascent":10,"type":"bitmap"},{"file":"pwgood_emotes:font/emotes/pwgoodsleep.png","chars":[""],"height":10,"ascent":9,"type":"bitmap"},{"file":"pwgood_emotes:font/emotes/pwgoodspravedlivo.png","chars":[""],"height":12,"ascent":9,"type":"bitmap"},{"file":"pwgood_emotes:font/emotes/pwgoodstare.png","chars":[""],"height":13,"ascent":10,"type":"bitmap"},{"file":"pwgood_emotes:font/emotes/pwgoodsubs.png","chars":[""],"height":13,"ascent":10,"type":"bitmap"},{"file":"pwgood_emotes:font/emotes/pwgoodsussy.png","chars":[""],"height":10,"ascent":9,"type":"bitmap"},{"file":"pwgood_emotes:font/emotes/pwgoodyou.png","chars":[""],"height":13,"ascent":10,"type":"bitmap"},{"file":"pwgood_emotes:font/emotes/pwgud.png","chars":[""],"height":13,"ascent":10,"type":"bitmap"},{"file":"pwgood_emotes:font/emotes/realization.png","chars":[""],"height":12,"ascent":10,"type":"bitmap"},{"file":"pwgood_emotes:font/emotes/rilaveoff.png","chars":[""],"height":10,"ascent":9,"type":"bitmap"},{"file":"pwgood_emotes:font/emotes/sadchamp.png","chars":[""],"height":12,"ascent":10,"type":"bitmap"},{"file":"pwgood_emotes:font/emotes/ny/sadchamp_ny.png","chars":[""],"height":12,"ascent":10,"type":"bitmap"},{"file":"pwgood_emotes:font/emotes/sadge.png","chars":[""],"height":13,"ascent":11,"type":"bitmap"},{"file":"pwgood_emotes:font/emotes/ny/sadge_ny.png","chars":[""],"height":13,"ascent":11,"type":"bitmap"},{"file":"pwgood_emotes:font/emotes/seemsgood.png","chars":[""],"height":11,"ascent":9,"type":"bitmap"},{"file":"pwgood_emotes:font/emotes/shto.png","chars":[""],"height":11,"ascent":9,"type":"bitmap"},{"file":"pwgood_emotes:font/emotes/something.png","chars":[""],"height":11,"ascent":10,"type":"bitmap"},{"file":"pwgood_emotes:font/emotes/spravedlivo.png","chars":[""],"height":13,"ascent":10,"type":"bitmap"},{"file":"pwgood_emotes:font/emotes/spravekeepo.png","chars":[""],"height":12,"ascent":9,"type":"bitmap"},{"file":"pwgood_emotes:font/emotes/stone.png","chars":[""],"height":12,"ascent":9,"type":"bitmap"},{"file":"pwgood_emotes:font/emotes/subprise.png","chars":[""],"height":11,"ascent":9,"type":"bitmap"},{"file":"pwgood_emotes:font/emotes/sussy.png","chars":[""],"height":11,"ascent":9,"type":"bitmap"},{"file":"pwgood_emotes:font/emotes/tea_time.png","chars":[""],"height":11,"ascent":9,"type":"bitmap"},{"file":"pwgood_emotes:font/emotes/tf.png","chars":[""],"height":12,"ascent":10,"type":"bitmap"},{"file":"pwgood_emotes:font/emotes/ny/tf_ny.png","chars":[""],"height":12,"ascent":10,"type":"bitmap"},{"file":"pwgood_emotes:font/emotes/thinking.png","chars":[""],"height":12,"ascent":10,"type":"bitmap"},{"file":"pwgood_emotes:font/emotes/trefis.png","chars":[""],"height":10,"ascent":9,"type":"bitmap"},{"file":"pwgood_emotes:font/emotes/tricool.png","chars":[""],"height":12,"ascent":10,"type":"bitmap"},{"file":"pwgood_emotes:font/emotes/trihard.png","chars":[""],"height":12,"ascent":10,"type":"bitmap"},{"file":"pwgood_emotes:font/emotes/tuwka.png","chars":[""],"height":10,"ascent":9,"type":"bitmap"},{"file":"pwgood_emotes:font/emotes/upal.png","chars":[""],"height":12,"ascent":11,"type":"bitmap"},{"file":"pwgood_emotes:font/emotes/ura.png","chars":[""],"height":10,"ascent":9,"type":"bitmap"},{"file":"pwgood_emotes:font/emotes/ny/ura_ny.png","chars":[""],"height":13,"ascent":11,"type":"bitmap"},{"file":"pwgood_emotes:font/emotes/vislaud.png","chars":[""],"height":11,"ascent":10,"type":"bitmap"},{"file":"pwgood_emotes:font/emotes/waitwhat.png","chars":[""],"height":12,"ascent":11,"type":"bitmap"},{"file":"pwgood_emotes:font/emotes/watching.png","chars":[""],"height":11,"ascent":9,"type":"bitmap"},{"file":"pwgood_emotes:font/emotes/weirdchamp.png","chars":[""],"height":11,"ascent":10,"type":"bitmap"},{"file":"pwgood_emotes:font/emotes/weirdchampo.png","chars":[""],"height":14,"ascent":13,"type":"bitmap"},{"file":"pwgood_emotes:font/emotes/wesmart.png","chars":[""],"height":11,"ascent":10,"type":"bitmap"},{"file":"pwgood_emotes:font/emotes/widepeepohappy.png","chars":[""],"height":11,"ascent":10,"type":"bitmap"},{"file":"pwgood_emotes:font/emotes/widepeeposad.png","chars":[""],"height":12,"ascent":11,"type":"bitmap"},{"file":"pwgood_emotes:font/emotes/wtf.png","chars":[""],"height":11,"ascent":10,"type":"bitmap"},{"file":"pwgood_emotes:font/emotes/zbs.png","chars":[""],"height":13,"ascent":10,"type":"bitmap"},{"file":"pwgood_emotes:font/emotes/zulul.png","chars":[""],"height":10,"ascent":9,"type":"bitmap"},{"file":"z_iainternal:gui/no_recipe.png","chars":[""],"height":170,"ascent":47,"type":"bitmap"},{"file":"z_iainternal:gui/crafting.png","chars":[""],"height":170,"ascent":47,"type":"bitmap"},{"file":"z_iainternal:gui/cooking.png","chars":[""],"height":170,"ascent":47,"type":"bitmap"},{"file":"z_iainternal:gui/blank_menu.png","chars":[""],"height":170,"ascent":47,"type":"bitmap"},{"file":"z_iainternal:gui/anvil_repair.png","chars":[""],"height":170,"ascent":47,"type":"bitmap"}]}
