{
	"credit": "Made with Blockbench",
	"texture_size": [32, 32],
	"textures": {
		"0": "./rembo",
		"particle": "./rembo"
	},
	"elements": [
		{
			"from": [4, 5, 3.75],
			"to": [12, 7, 4],
			"rotation": {"angle": 0, "axis": "y", "origin": [14, 14, 11]},
			"faces": {
				"north": {"uv": [0, 0, 4, 1], "texture": "#0"},
				"east": {"uv": [0, 3, 0.5, 4], "texture": "#0"},
				"south": {"uv": [0, 1, 4, 2], "texture": "#0"},
				"west": {"uv": [0.5, 3, 1, 4], "texture": "#0"},
				"up": {"uv": [4, 2.5, 0, 2], "texture": "#0"},
				"down": {"uv": [4, 2.5, 0, 3], "texture": "#0"}
			}
		},
		{
			"from": [4, 5, 12],
			"to": [12, 7, 12.25],
			"rotation": {"angle": 0, "axis": "y", "origin": [14, 14, 19.25]},
			"faces": {
				"north": {"uv": [4, 2, 8, 3], "texture": "#0"},
				"east": {"uv": [0, 5, 0.5, 6], "texture": "#0"},
				"south": {"uv": [4.5, 0, 8.5, 1], "texture": "#0"},
				"west": {"uv": [0.5, 5, 1, 6], "texture": "#0"},
				"up": {"uv": [8.5, 1.5, 4.5, 1], "texture": "#0"},
				"down": {"uv": [8.5, 1.5, 4.5, 2], "texture": "#0"}
			}
		},
		{
			"from": [9, 3, 12],
			"to": [11, 5, 12.25],
			"rotation": {"angle": 0, "axis": "y", "origin": [13, 12, 19.25]},
			"faces": {
				"north": {"uv": [1, 5, 2, 6], "texture": "#0"},
				"east": {"uv": [3, 5, 3.5, 6], "texture": "#0"},
				"south": {"uv": [2, 5, 3, 6], "texture": "#0"},
				"west": {"uv": [5, 3, 5.5, 4], "texture": "#0"},
				"up": {"uv": [6, 4.5, 5, 4], "texture": "#0"},
				"down": {"uv": [6, 4.5, 5, 5], "texture": "#0"}
			}
		},
		{
			"from": [6, 3, 12],
			"to": [8, 5, 12.25],
			"rotation": {"angle": 0, "axis": "y", "origin": [10, 12, 19.25]},
			"faces": {
				"north": {"uv": [5, 5, 6, 6], "texture": "#0"},
				"east": {"uv": [3.5, 5, 4, 6], "texture": "#0"},
				"south": {"uv": [5.5, 3, 6.5, 4], "texture": "#0"},
				"west": {"uv": [0, 6, 0.5, 7], "texture": "#0"},
				"up": {"uv": [1.5, 6.5, 0.5, 6], "texture": "#0"},
				"down": {"uv": [2.5, 6, 1.5, 6.5], "texture": "#0"}
			}
		},
		{
			"from": [8, 4, 12],
			"to": [9, 5, 12.25],
			"rotation": {"angle": 0, "axis": "y", "origin": [11, 12, 19.25]},
			"faces": {
				"north": {"uv": [2.5, 6, 3, 6.5], "texture": "#0"},
				"east": {"uv": [3, 6, 3.5, 6.5], "texture": "#0"},
				"south": {"uv": [3.5, 6, 4, 6.5], "texture": "#0"},
				"west": {"uv": [6, 4, 6.5, 4.5], "texture": "#0"},
				"up": {"uv": [6.5, 5, 6, 4.5], "texture": "#0"},
				"down": {"uv": [5.5, 6, 5, 6.5], "texture": "#0"}
			}
		},
		{
			"from": [3.75, 5, 4],
			"to": [4, 7, 12],
			"rotation": {"angle": 0, "axis": "y", "origin": [11, 14, 13]},
			"faces": {
				"north": {"uv": [1.5, 6.5, 2, 7.5], "texture": "#0"},
				"east": {"uv": [6, 5, 10, 6], "texture": "#0"},
				"south": {"uv": [2, 6.5, 2.5, 7.5], "texture": "#0"},
				"west": {"uv": [5.5, 6, 9.5, 7], "texture": "#0"},
				"up": {"uv": [1, 10.5, 0.5, 6.5], "texture": "#0"},
				"down": {"uv": [1.5, 6.5, 1, 10.5], "texture": "#0"}
			}
		},
		{
			"from": [12, 5, 4],
			"to": [12.25, 7, 12],
			"rotation": {"angle": 0, "axis": "y", "origin": [19.25, 14, 13]},
			"faces": {
				"north": {"uv": [4, 0, 4.5, 1], "texture": "#0"},
				"east": {"uv": [1, 3, 5, 4], "texture": "#0"},
				"south": {"uv": [4, 1, 4.5, 2], "texture": "#0"},
				"west": {"uv": [0, 4, 4, 5], "texture": "#0"},
				"up": {"uv": [4.5, 8, 4, 4], "texture": "#0"},
				"down": {"uv": [5, 4, 4.5, 8], "texture": "#0"}
			}
		},
		{
			"from": [3.75, 5, 3.75],
			"to": [4, 7, 4],
			"rotation": {"angle": 0, "axis": "y", "origin": [11, 14, 11]},
			"faces": {
				"north": {"uv": [2.5, 6.5, 3, 7.5], "texture": "#0"},
				"east": {"uv": [3, 6.5, 3.5, 7.5], "texture": "#0"},
				"south": {"uv": [6.5, 3, 7, 4], "texture": "#0"},
				"west": {"uv": [3.5, 6.5, 4, 7.5], "texture": "#0"},
				"up": {"uv": [7, 4.5, 6.5, 4], "texture": "#0"},
				"down": {"uv": [7, 4.5, 6.5, 5], "texture": "#0"}
			}
		},
		{
			"from": [12, 5, 3.75],
			"to": [12.25, 7, 4],
			"rotation": {"angle": 0, "axis": "y", "origin": [19.25, 14, 11]},
			"faces": {
				"north": {"uv": [5, 6.5, 5.5, 7.5], "texture": "#0"},
				"east": {"uv": [0, 7, 0.5, 8], "texture": "#0"},
				"south": {"uv": [7, 3, 7.5, 4], "texture": "#0"},
				"west": {"uv": [7, 4, 7.5, 5], "texture": "#0"},
				"up": {"uv": [6, 7.5, 5.5, 7], "texture": "#0"},
				"down": {"uv": [6.5, 7, 6, 7.5], "texture": "#0"}
			}
		},
		{
			"from": [12, 5, 12],
			"to": [12.25, 7, 12.25],
			"rotation": {"angle": 0, "axis": "y", "origin": [19.25, 14, 19.25]},
			"faces": {
				"north": {"uv": [6.5, 7, 7, 8], "texture": "#0"},
				"east": {"uv": [7, 7, 7.5, 8], "texture": "#0"},
				"south": {"uv": [1.5, 7.5, 2, 8.5], "texture": "#0"},
				"west": {"uv": [2, 7.5, 2.5, 8.5], "texture": "#0"},
				"up": {"uv": [3, 8, 2.5, 7.5], "texture": "#0"},
				"down": {"uv": [3.5, 7.5, 3, 8], "texture": "#0"}
			}
		},
		{
			"from": [3.75, 5, 12],
			"to": [4, 7, 12.25],
			"rotation": {"angle": 0, "axis": "y", "origin": [11, 14, 19.25]},
			"faces": {
				"north": {"uv": [7.5, 3, 8, 4], "texture": "#0"},
				"east": {"uv": [3.5, 7.5, 4, 8.5], "texture": "#0"},
				"south": {"uv": [7.5, 4, 8, 5], "texture": "#0"},
				"west": {"uv": [5, 7.5, 5.5, 8.5], "texture": "#0"},
				"up": {"uv": [6, 8, 5.5, 7.5], "texture": "#0"},
				"down": {"uv": [6.5, 7.5, 6, 8], "texture": "#0"}
			}
		}
	],
	"display": {
		"thirdperson_righthand": {
			"scale": [0.3, 0.3, 0.3]
		},
		"thirdperson_lefthand": {
			"scale": [0.3, 0.3, 0.3]
		},
		"firstperson_righthand": {
			"scale": [0.5, 0.5, 0.5]
		},
		"firstperson_lefthand": {
			"scale": [0.5, 0.5, 0.5]
		},
		"ground": {
			"translation": [0, 1.75, 0],
			"scale": [0.8, 0.8, 0.8]
		},
		"gui": {
			"rotation": [30, 45, 0],
			"translation": [0, 1.25, 0],
			"scale": [0.8, 0.8, 0.8]
		},
		"head": {
			"translation": [0, 7, 0],
			"scale": [1.65, 1.65, 1.65]
		}
	}
}