{
	"credit": "made by DuckDomestos",
	"textures": {
		"0": "models_textures/social/hats",
		"particle": "models_textures/social/hats"
	},
	"elements": [
		{
			"from": [4, 8, 4],
			"to": [12, 13, 12],
			"rotation": {"angle": 0, "axis": "y", "origin": [6.97292, 9.20833, 7.29375]},
			"faces": {
				"north": {"uv": [10, 5.5, 12, 6.75], "texture": "#0"},
				"east": {"uv": [8, 5.5, 10, 6.75], "texture": "#0"},
				"south": {"uv": [14, 5.5, 16, 6.75], "texture": "#0"},
				"west": {"uv": [12, 5.5, 14, 6.75], "texture": "#0"},
				"up": {"uv": [10, 3.5, 12, 5.5], "rotation": 180, "texture": "#0"},
				"down": {"uv": [10, 5.5, 12, 6.75], "rotation": 90, "texture": "#0"}
			}
		},
		{
			"from": [3.75, 8, 4],
			"to": [4, 10, 12],
			"rotation": {"angle": 0, "axis": "y", "origin": [6.96875, 9.20833, 7.30208]},
			"faces": {
				"north": {"uv": [8, 7.5, 9.25, 8], "texture": "#0"},
				"east": {"uv": [8, 5.5, 10, 6.75], "texture": "#0"},
				"south": {"uv": [14, 7.5, 16, 8], "texture": "#0"},
				"west": {"uv": [12, 7.5, 14, 8], "texture": "#0"},
				"up": {"uv": [12, 7.5, 14, 7.75], "rotation": 90, "texture": "#0"},
				"down": {"uv": [12.25, 7.75, 13, 8], "rotation": 90, "texture": "#0"}
			}
		},
		{
			"from": [12, 8, 4],
			"to": [12.25, 10, 12],
			"rotation": {"angle": 0, "axis": "y", "origin": [6.96875, 9.20833, 7.30208]},
			"faces": {
				"north": {"uv": [8, 7.5, 9.25, 8], "texture": "#0"},
				"east": {"uv": [8, 7.5, 10, 8], "texture": "#0"},
				"south": {"uv": [14, 7.5, 16, 8], "texture": "#0"},
				"west": {"uv": [12, 7.5, 14, 8], "texture": "#0"},
				"up": {"uv": [8, 7.5, 10, 7.75], "rotation": 270, "texture": "#0"},
				"down": {"uv": [8, 7.75, 10, 8], "rotation": 90, "texture": "#0"}
			}
		},
		{
			"from": [3.75, 10, 8],
			"to": [4, 12, 12],
			"rotation": {"angle": 0, "axis": "y", "origin": [6.96875, 9.20833, 7.30208]},
			"faces": {
				"north": {"uv": [13, 7, 13.25, 7.5], "texture": "#0"},
				"east": {"uv": [8, 5.5, 10, 6.75], "texture": "#0"},
				"south": {"uv": [13.75, 7, 14, 7.5], "texture": "#0"},
				"west": {"uv": [13, 7, 14, 7.5], "texture": "#0"},
				"up": {"uv": [13, 7, 13.25, 7.25], "rotation": 180, "texture": "#0"},
				"down": {"uv": [10, 5.5, 12, 6.75], "rotation": 90, "texture": "#0"}
			}
		},
		{
			"from": [3.75, 12, 9],
			"to": [4, 13, 12],
			"rotation": {"angle": 0, "axis": "y", "origin": [6.96875, 9.20833, 7.30208]},
			"faces": {
				"north": {"uv": [13.25, 6.75, 13.5, 7], "texture": "#0"},
				"east": {"uv": [8, 5.5, 10, 6.75], "texture": "#0"},
				"south": {"uv": [13.75, 6.75, 14, 7], "texture": "#0"},
				"west": {"uv": [13.25, 6.75, 14, 7], "texture": "#0"},
				"up": {"uv": [13.25, 6.75, 14, 7], "rotation": 90, "texture": "#0"},
				"down": {"uv": [10, 5.5, 12, 6.75], "rotation": 90, "texture": "#0"}
			}
		},
		{
			"from": [3.75, 10, 7],
			"to": [4, 11, 8],
			"rotation": {"angle": 0, "axis": "y", "origin": [6.96875, 9.20833, 7.30208]},
			"faces": {
				"north": {"uv": [12.75, 7.25, 13, 7.5], "texture": "#0"},
				"east": {"uv": [12.75, 7.25, 13, 7.5], "texture": "#0"},
				"south": {"uv": [12.75, 7.25, 13, 7.5], "texture": "#0"},
				"west": {"uv": [12.75, 7.25, 13, 7.5], "texture": "#0"},
				"up": {"uv": [12.75, 7.25, 13, 7.5], "rotation": 270, "texture": "#0"},
				"down": {"uv": [12.75, 7.25, 13, 7.5], "rotation": 90, "texture": "#0"}
			}
		},
		{
			"from": [4, 8, 3.75],
			"to": [6, 10, 4],
			"rotation": {"angle": 0, "axis": "y", "origin": [6.96875, 9.20833, 7.30208]},
			"faces": {
				"north": {"uv": [11.5, 7.5, 12, 8], "texture": "#0"},
				"east": {"uv": [11.5, 7.5, 12, 8], "texture": "#0"},
				"south": {"uv": [11.5, 7.5, 12, 8], "texture": "#0"},
				"west": {"uv": [11.5, 7.5, 12, 8], "texture": "#0"},
				"up": {"uv": [11.5, 7.5, 12, 7.75], "rotation": 270, "texture": "#0"},
				"down": {"uv": [11.5, 7.75, 12, 8], "rotation": 90, "texture": "#0"}
			}
		},
		{
			"from": [3.75, 8, 3.75],
			"to": [4, 10, 4],
			"rotation": {"angle": 0, "axis": "y", "origin": [6.71875, 9.20833, 7.30208]},
			"faces": {
				"north": {"uv": [11.5, 7.5, 12, 8], "texture": "#0"},
				"east": {"uv": [11.5, 7.5, 12, 8], "texture": "#0"},
				"south": {"uv": [11.5, 7.5, 12, 8], "texture": "#0"},
				"west": {"uv": [12, 7.5, 12.25, 8], "texture": "#0"},
				"up": {"uv": [11.5, 7.5, 12, 7.75], "rotation": 270, "texture": "#0"},
				"down": {"uv": [11.5, 7.75, 12, 8], "rotation": 90, "texture": "#0"}
			}
		},
		{
			"from": [4, 8, 12],
			"to": [12, 10, 12.25],
			"rotation": {"angle": 0, "axis": "y", "origin": [6.96875, 9.20833, 7.30208]},
			"faces": {
				"north": {"uv": [14, 7.5, 16, 8], "texture": "#0"},
				"east": {"uv": [14, 7.5, 16, 8], "texture": "#0"},
				"south": {"uv": [14, 7.5, 16, 8], "texture": "#0"},
				"west": {"uv": [14, 7.5, 16, 8], "texture": "#0"},
				"up": {"uv": [14, 7.5, 16, 7.75], "rotation": 270, "texture": "#0"},
				"down": {"uv": [14, 7.75, 16, 8], "rotation": 90, "texture": "#0"}
			}
		},
		{
			"from": [12, 8, 12],
			"to": [12.25, 10, 12.25],
			"rotation": {"angle": 0, "axis": "y", "origin": [7.21875, 9.20833, 7.30208]},
			"faces": {
				"north": {"uv": [14, 7.5, 16, 8], "texture": "#0"},
				"east": {"uv": [14, 7.5, 16, 8], "texture": "#0"},
				"south": {"uv": [14, 7.5, 16, 8], "texture": "#0"},
				"west": {"uv": [14, 7.5, 16, 8], "texture": "#0"},
				"up": {"uv": [14, 7.5, 16, 7.75], "rotation": 270, "texture": "#0"},
				"down": {"uv": [14, 7.75, 16, 8], "rotation": 90, "texture": "#0"}
			}
		},
		{
			"from": [3.75, 8, 12],
			"to": [4, 10, 12.25],
			"rotation": {"angle": 0, "axis": "y", "origin": [-1.03125, 9.20833, 7.30208]},
			"faces": {
				"north": {"uv": [14, 7.5, 16, 8], "texture": "#0"},
				"east": {"uv": [14, 7.5, 16, 8], "texture": "#0"},
				"south": {"uv": [14, 7.5, 16, 8], "texture": "#0"},
				"west": {"uv": [14, 7.5, 16, 8], "texture": "#0"},
				"up": {"uv": [14, 7.5, 16, 7.75], "rotation": 270, "texture": "#0"},
				"down": {"uv": [14, 7.75, 16, 8], "rotation": 90, "texture": "#0"}
			}
		},
		{
			"from": [10, 8, 3.75],
			"to": [12, 10, 4],
			"rotation": {"angle": 0, "axis": "y", "origin": [6.96875, 9.20833, 7.30208]},
			"faces": {
				"north": {"uv": [11.5, 7.5, 12, 8], "texture": "#0"},
				"east": {"uv": [11.5, 7.5, 12, 8], "texture": "#0"},
				"south": {"uv": [11.5, 7.5, 12, 8], "texture": "#0"},
				"west": {"uv": [11.5, 7.5, 12, 8], "texture": "#0"},
				"up": {"uv": [11.5, 7.5, 12, 7.75], "rotation": 270, "texture": "#0"},
				"down": {"uv": [11.5, 7.75, 12, 8], "rotation": 90, "texture": "#0"}
			}
		},
		{
			"from": [12, 8, 3.75],
			"to": [12.25, 10, 4],
			"rotation": {"angle": 0, "axis": "y", "origin": [7.21875, 9.20833, 7.30208]},
			"faces": {
				"north": {"uv": [11.5, 7.5, 12, 8], "texture": "#0"},
				"east": {"uv": [9.75, 7.5, 10, 8], "texture": "#0"},
				"south": {"uv": [11.5, 7.5, 12, 8], "texture": "#0"},
				"west": {"uv": [11.5, 7.5, 12, 8], "texture": "#0"},
				"up": {"uv": [11.5, 7.5, 12, 7.75], "rotation": 270, "texture": "#0"},
				"down": {"uv": [11.5, 7.75, 12, 8], "rotation": 90, "texture": "#0"}
			}
		},
		{
			"from": [9, 8, 3.75],
			"to": [10, 9, 4],
			"rotation": {"angle": 0, "axis": "y", "origin": [6.96875, 9.20833, 7.30208]},
			"faces": {
				"north": {"uv": [11.25, 7.75, 11.5, 8], "texture": "#0"},
				"east": {"uv": [11.25, 7.75, 11.5, 8], "texture": "#0"},
				"south": {"uv": [11.25, 7.75, 11.5, 8], "texture": "#0"},
				"west": {"uv": [11.25, 7.75, 11.5, 8], "texture": "#0"},
				"up": {"uv": [11.25, 7.75, 11.5, 8], "rotation": 270, "texture": "#0"},
				"down": {"uv": [11.25, 7.75, 11.5, 8], "rotation": 90, "texture": "#0"}
			}
		},
		{
			"from": [6, 8, 3.75],
			"to": [7, 9, 4],
			"rotation": {"angle": 0, "axis": "y", "origin": [6.96875, 9.20833, 7.30208]},
			"faces": {
				"north": {"uv": [10.5, 7.75, 10.75, 8], "texture": "#0"},
				"east": {"uv": [10.5, 7.75, 10.75, 8], "texture": "#0"},
				"south": {"uv": [10.5, 7.75, 10.75, 8], "texture": "#0"},
				"west": {"uv": [10.5, 7.75, 10.75, 8], "texture": "#0"},
				"up": {"uv": [10.5, 7.75, 10.75, 8], "rotation": 270, "texture": "#0"},
				"down": {"uv": [10.5, 7.75, 10.75, 8], "rotation": 90, "texture": "#0"}
			}
		}
	],
	"display": {
		"thirdperson_righthand": {
			"scale": [0.3, 0.3, 0.3]
		},
		"thirdperson_lefthand": {
			"scale": [0.3, 0.3, 0.3]
		},
		"firstperson_righthand": {
			"scale": [0.5, 0.5, 0.5]
		},
		"firstperson_lefthand": {
			"scale": [0.5, 0.5, 0.5]
		},
		"ground": {
			"scale": [0.8, 0.8, 0.8]
		},
		"gui": {
			"rotation": [30, 45, 0],
			"scale": [0.8, 0.8, 0.8]
		},
		"head": {
			"translation": [0, 0.75, 0],
			"scale": [1.65, 1.65, 1.65]
		}
	},
	"groups": [
		{
			"name": "1",
			"origin": [6.94792, 9.20833, 7.29375],
			"children": [0, 1, 2, 3, 4, 5, 6, 7, 8, 9, 10, 11, 12, 13, 14]
		}
	]
}