{
	"credit": "made by DuckDomestos",
	"textures": {
		"0": "models_textures/social/hats",
		"particle": "models_textures/social/hats"
	},
	"elements": [
		{
			"from": [4, 0, 4],
			"to": [12, 8, 12],
			"rotation": {"angle": 0, "axis": "y", "origin": [12, 8, 12]},
			"color": 5,
			"faces": {
				"north": {"uv": [0, 0, 8, 8], "texture": "#missing"},
				"east": {"uv": [0, 0, 8, 8], "texture": "#missing"},
				"south": {"uv": [0, 0, 8, 8], "texture": "#missing"},
				"west": {"uv": [0, 0, 8, 8], "texture": "#missing"},
				"up": {"uv": [0, 0, 8, 8], "texture": "#missing"},
				"down": {"uv": [0, 0, 8, 8], "texture": "#missing"}
			}
		},
		{
			"from": [4, 8, 4],
			"to": [12, 12, 12],
			"rotation": {"angle": 0, "axis": "y", "origin": [12, 16, 12]},
			"faces": {
				"north": {"uv": [2, 5.5, 4, 6.5], "texture": "#0"},
				"east": {"uv": [0, 5.5, 2, 6.5], "texture": "#0"},
				"south": {"uv": [6, 5.5, 8, 6.5], "texture": "#0"},
				"west": {"uv": [4, 5.5, 6, 6.5], "texture": "#0"},
				"up": {"uv": [2, 3.5, 4, 5.5], "texture": "#0"},
				"down": {"uv": [2, 7.5, 4, 9.5], "texture": "#0"}
			}
		},
		{
			"from": [0, 8, 0],
			"to": [16, 8, 4],
			"rotation": {"angle": 0, "axis": "y", "origin": [17, 16, 14]},
			"faces": {
				"north": {"uv": [1, 6.5, 5, 7.5], "texture": "#missing"},
				"east": {"uv": [1, 6.5, 5, 7.5], "texture": "#missing"},
				"south": {"uv": [1, 6.5, 5, 7.5], "texture": "#missing"},
				"west": {"uv": [1, 6.5, 5, 7.5], "texture": "#missing"},
				"up": {"uv": [1, 6.5, 5, 7.5], "texture": "#0"},
				"down": {"uv": [1, 6.5, 5, 7.5], "rotation": 180, "texture": "#0"}
			}
		},
		{
			"from": [0, 8, 12],
			"to": [16, 8, 16],
			"rotation": {"angle": 0, "axis": "y", "origin": [17, 16, 26]},
			"faces": {
				"north": {"uv": [1, 9.5, 5, 10.5], "texture": "#missing"},
				"east": {"uv": [1, 9.5, 5, 10.5], "texture": "#missing"},
				"south": {"uv": [1, 9.5, 5, 10.5], "texture": "#missing"},
				"west": {"uv": [1, 9.5, 5, 10.5], "texture": "#missing"},
				"up": {"uv": [1, 9.5, 5, 10.5], "texture": "#0"},
				"down": {"uv": [1, 9.5, 5, 10.5], "rotation": 180, "texture": "#0"}
			}
		},
		{
			"from": [12, 8, 4],
			"to": [16, 8, 12],
			"rotation": {"angle": 0, "axis": "y", "origin": [17, 16, 22]},
			"faces": {
				"north": {"uv": [4, 7.5, 5, 9.5], "texture": "#missing"},
				"east": {"uv": [4, 7.5, 5, 9.5], "texture": "#missing"},
				"south": {"uv": [4, 7.5, 5, 9.5], "texture": "#missing"},
				"west": {"uv": [4, 7.5, 5, 9.5], "texture": "#missing"},
				"up": {"uv": [4, 7.5, 5, 9.5], "texture": "#0"},
				"down": {"uv": [4, 7.5, 5, 9.5], "texture": "#0"}
			}
		},
		{
			"from": [0, 8, 4],
			"to": [4, 8, 12],
			"rotation": {"angle": 0, "axis": "y", "origin": [5, 16, 22]},
			"faces": {
				"north": {"uv": [1, 7.5, 2, 9.5], "texture": "#missing"},
				"east": {"uv": [1, 7.5, 2, 9.5], "texture": "#missing"},
				"south": {"uv": [1, 7.5, 2, 9.5], "texture": "#missing"},
				"west": {"uv": [1, 7.5, 2, 9.5], "texture": "#missing"},
				"up": {"uv": [1, 7.5, 2, 9.5], "texture": "#0"},
				"down": {"uv": [1, 7.5, 2, 9.5], "texture": "#0"}
			}
		}
	],
	"display": {
		"thirdperson_righthand": {
			"scale": [0.3, 0.3, 0.3]
		},
		"thirdperson_lefthand": {
			"scale": [0.3, 0.3, 0.3]
		},
		"firstperson_righthand": {
			"scale": [0.5, 0.5, 0.5]
		},
		"firstperson_lefthand": {
			"scale": [0.5, 0.5, 0.5]
		},
		"ground": {
			"scale": [0.8, 0.8, 0.8]
		},
		"gui": {
			"rotation": [30, 45, 0],
			"scale": [0.7, 0.7, 0.7]
		},
		"head": {
			"translation": [0, 2.5, 0],
			"scale": [1.65, 1.65, 1.65]
		}
	}
}