{
	"credit": "made by DuckDomestos",
	"textures": {
		"0": "models_textures/social/hats",
		"particle": "models_textures/social/hats"
	},
	"elements": [
		{
			"from": [4, 8, 4],
			"to": [12, 11, 12],
			"rotation": {"angle": 0, "axis": "y", "origin": [12, 16, 13]},
			"faces": {
				"north": {"uv": [10, 10.5, 12, 11.25], "texture": "#0"},
				"east": {"uv": [8, 10.5, 10, 11.25], "texture": "#0"},
				"south": {"uv": [14, 10.5, 16, 11.25], "texture": "#0"},
				"west": {"uv": [12, 10.5, 14, 11.25], "texture": "#0"},
				"up": {"uv": [10, 8.5, 12, 10.5], "rotation": 180, "texture": "#0"},
				"down": {"uv": [10, 8.5, 12, 10.5], "rotation": 180, "texture": "#0"}
			}
		},
		{
			"from": [8, 6, 4],
			"to": [10, 8, 4],
			"rotation": {"angle": 0, "axis": "y", "origin": [12, 13, 13]},
			"faces": {
				"north": {"uv": [10.5, 11.25, 11, 11.75], "texture": "#0"},
				"east": {"uv": [10.5, 11.25, 11, 11.75], "texture": "#0"},
				"south": {"uv": [10.5, 11.25, 11, 11.75], "rotation": 90, "texture": "#0"},
				"west": {"uv": [10.5, 11.25, 11, 11.75], "texture": "#0"},
				"up": {"uv": [10.5, 11.25, 11, 11.75], "texture": "#0"},
				"down": {"uv": [10.5, 11.25, 11, 11.75], "texture": "#0"}
			}
		},
		{
			"from": [8, 7, 12],
			"to": [9, 8, 12],
			"rotation": {"angle": 0, "axis": "y", "origin": [12, 13, 21]},
			"faces": {
				"north": {"uv": [15, 11.25, 15.25, 11.5], "rotation": 90, "texture": "#0"},
				"east": {"uv": [15, 11.25, 15.25, 11.5], "rotation": 90, "texture": "#0"},
				"south": {"uv": [15, 11.25, 15.25, 11.5], "rotation": 90, "texture": "#0"},
				"west": {"uv": [15, 11.25, 15.25, 11.5], "rotation": 90, "texture": "#0"},
				"up": {"uv": [15, 11.25, 15.25, 11.5], "rotation": 90, "texture": "#0"},
				"down": {"uv": [15, 11.25, 15.25, 11.5], "rotation": 90, "texture": "#0"}
			}
		}
	],
	"display": {
		"thirdperson_righthand": {
			"scale": [0.3, 0.3, 0.3]
		},
		"thirdperson_lefthand": {
			"scale": [0.3, 0.3, 0.3]
		},
		"firstperson_righthand": {
			"scale": [0.5, 0.5, 0.5]
		},
		"firstperson_lefthand": {
			"scale": [0.5, 0.5, 0.5]
		},
		"ground": {
			"scale": [0.8, 0.8, 0.8]
		},
		"gui": {
			"rotation": [30, 45, 0],
			"translation": [0, -1, 0],
			"scale": [0.8, 0.8, 0.8]
		},
		"head": {
			"translation": [0, 6.4, 0],
			"scale": [1.7, 1.7, 1.7]
		}
	}
}