{
	"credit": "made by DuckDomestos",
	"textures": {
		"0": "models_textures/social/hats",
		"particle": "models_textures/social/hats"
	},
	"elements": [
		{
			"from": [9, 5, 3.75],
			"to": [12, 6, 4],
			"rotation": {"angle": 0, "axis": "y", "origin": [14, 15, 11.75]},
			"faces": {
				"north": {"uv": [10, 3, 10.75, 3.25], "texture": "#0"},
				"east": {"uv": [10, 3, 10.75, 3.25], "texture": "#0"},
				"south": {"uv": [10, 3, 10.75, 3.25], "texture": "#0"},
				"west": {"uv": [10, 3, 10.75, 3.25], "texture": "#0"},
				"up": {"uv": [10, 3, 10.75, 3.25], "texture": "#0"},
				"down": {"uv": [10, 3, 10.75, 3.25], "texture": "#0"}
			}
		},
		{
			"from": [4, 5, 3.75],
			"to": [7, 6, 4],
			"rotation": {"angle": 0, "axis": "y", "origin": [9, 15, 11.75]},
			"faces": {
				"north": {"uv": [10, 3, 10.75, 3.25], "texture": "#0"},
				"east": {"uv": [10, 3, 10.75, 3.25], "texture": "#0"},
				"south": {"uv": [10, 3, 10.75, 3.25], "texture": "#0"},
				"west": {"uv": [10, 3, 10.75, 3.25], "texture": "#0"},
				"up": {"uv": [10, 3, 10.75, 3.25], "texture": "#0"},
				"down": {"uv": [10, 3, 10.75, 3.25], "texture": "#0"}
			}
		},
		{
			"from": [4, 6, 3.75],
			"to": [12, 7, 4],
			"rotation": {"angle": 0, "axis": "y", "origin": [9, 16, 11.75]},
			"faces": {
				"north": {"uv": [10, 2.75, 12, 3], "texture": "#0"},
				"east": {"uv": [10, 2.5, 10.25, 3], "texture": "#0"},
				"south": {"uv": [10, 2.75, 12, 3], "texture": "#0"},
				"west": {"uv": [11.75, 2.75, 12, 3], "texture": "#0"},
				"up": {"uv": [10, 2.75, 12, 3], "texture": "#0"},
				"down": {"uv": [10, 2.75, 12, 3], "texture": "#0"}
			}
		},
		{
			"from": [7, 7, 3.75],
			"to": [9, 8, 4],
			"rotation": {"angle": 0, "axis": "y", "origin": [9, 17, 11.75]},
			"faces": {
				"north": {"uv": [10.75, 2.5, 11.25, 2.75], "texture": "#0"},
				"east": {"uv": [10.75, 2.5, 11.25, 2.75], "texture": "#0"},
				"south": {"uv": [10.75, 2.5, 11.25, 2.75], "texture": "#0"},
				"west": {"uv": [10.75, 2.5, 11.25, 2.75], "texture": "#0"},
				"up": {"uv": [10.75, 2.5, 11.25, 2.75], "texture": "#0"},
				"down": {"uv": [10.75, 2.5, 11.25, 2.75], "texture": "#0"}
			}
		},
		{
			"from": [4, 8, 3.75],
			"to": [12, 10, 4],
			"rotation": {"angle": 0, "axis": "y", "origin": [9, 18, 11.75]},
			"faces": {
				"north": {"uv": [10, 2, 12, 2.5], "texture": "#0"},
				"east": {"uv": [11.75, 2, 12, 2.5], "texture": "#0"},
				"south": {"uv": [10, 2, 12, 2.5], "texture": "#0"},
				"west": {"uv": [10, 2, 10.25, 2.5], "texture": "#0"},
				"up": {"uv": [10, 2, 12, 2.5], "texture": "#0"},
				"down": {"uv": [10, 2, 12, 2.5], "texture": "#0"}
			}
		},
		{
			"from": [4, 7, 12],
			"to": [12, 9, 12.25],
			"rotation": {"angle": 0, "axis": "y", "origin": [9, 17, 20]},
			"faces": {
				"north": {"uv": [14, 2.25, 16, 2.75], "texture": "#0"},
				"east": {"uv": [14, 2.25, 16, 2.75], "texture": "#0"},
				"south": {"uv": [14, 2.25, 16, 2.75], "texture": "#0"},
				"west": {"uv": [14, 2.25, 16, 2.75], "texture": "#0"},
				"up": {"uv": [14, 2.25, 16, 2.75], "texture": "#0"},
				"down": {"uv": [14, 2.25, 16, 2.75], "texture": "#0"}
			}
		},
		{
			"from": [3.75, 7, 4],
			"to": [4, 9, 12],
			"rotation": {"angle": 0, "axis": "y", "origin": [8.75, 17, 12]},
			"faces": {
				"north": {"uv": [12, 2.25, 12.25, 2.75], "texture": "#0"},
				"east": {"uv": [12, 2.25, 14, 2.75], "rotation": 180, "texture": "#0"},
				"south": {"uv": [13.75, 2.25, 14, 2.75], "texture": "#0"},
				"west": {"uv": [12, 2.25, 14, 2.75], "texture": "#0"},
				"up": {"uv": [12, 2.25, 14, 2.5], "texture": "#0"},
				"down": {"uv": [12, 2.5, 14, 2.75], "rotation": 270, "texture": "#0"}
			}
		},
		{
			"from": [12, 7, 4],
			"to": [12.25, 9, 12],
			"rotation": {"angle": 0, "axis": "y", "origin": [17, 17, 12]},
			"faces": {
				"north": {"uv": [12, 2.25, 12.25, 2.75], "texture": "#0"},
				"east": {"uv": [12, 2.25, 14, 2.75], "rotation": 180, "texture": "#0"},
				"south": {"uv": [13.75, 2.25, 14, 2.75], "texture": "#0"},
				"west": {"uv": [12, 2.25, 14, 2.75], "texture": "#0"},
				"up": {"uv": [12, 2.25, 14, 2.5], "texture": "#0"},
				"down": {"uv": [12, 2.5, 14, 2.75], "rotation": 270, "texture": "#0"}
			}
		},
		{
			"from": [3.75, 9, 4],
			"to": [4, 10, 5],
			"rotation": {"angle": 0, "axis": "y", "origin": [8.75, 18, 12]},
			"faces": {
				"north": {"uv": [12, 2, 12.25, 2.25], "texture": "#0"},
				"east": {"uv": [12, 2, 12.25, 2.25], "texture": "#0"},
				"south": {"uv": [12, 2, 12.25, 2.25], "texture": "#0"},
				"west": {"uv": [12, 2, 12.25, 2.25], "texture": "#0"},
				"up": {"uv": [12, 2, 12.25, 2.25], "texture": "#0"},
				"down": {"uv": [12, 2, 12.25, 2.25], "texture": "#0"}
			}
		},
		{
			"from": [12, 9, 4],
			"to": [12.25, 10, 5],
			"rotation": {"angle": 0, "axis": "y", "origin": [17, 18, 12]},
			"faces": {
				"north": {"uv": [12, 2, 12.25, 2.25], "texture": "#0"},
				"east": {"uv": [12, 2, 12.25, 2.25], "texture": "#0"},
				"south": {"uv": [12, 2, 12.25, 2.25], "texture": "#0"},
				"west": {"uv": [12, 2, 12.25, 2.25], "texture": "#0"},
				"up": {"uv": [12, 2, 12.25, 2.25], "texture": "#0"},
				"down": {"uv": [12, 2, 12.25, 2.25], "texture": "#0"}
			}
		},
		{
			"from": [3.75, 5, 4],
			"to": [4, 7, 5],
			"rotation": {"angle": 0, "axis": "y", "origin": [8.75, 15, 12]},
			"faces": {
				"north": {"uv": [12, 2.75, 12.25, 3.25], "texture": "#0"},
				"east": {"uv": [12, 2.75, 12.25, 3.25], "texture": "#0"},
				"south": {"uv": [12, 2.75, 12.25, 3.25], "texture": "#0"},
				"west": {"uv": [12, 2.75, 12.25, 3.25], "texture": "#0"},
				"up": {"uv": [12, 2.75, 12.25, 3.25], "texture": "#0"},
				"down": {"uv": [12, 3, 12.25, 3.25], "texture": "#0"}
			}
		},
		{
			"from": [12, 5, 4],
			"to": [12.25, 7, 5],
			"rotation": {"angle": 0, "axis": "y", "origin": [17, 15, 12]},
			"faces": {
				"north": {"uv": [12, 2.75, 12.25, 3.25], "texture": "#0"},
				"east": {"uv": [12, 2.75, 12.25, 3.25], "texture": "#0"},
				"south": {"uv": [12, 2.75, 12.25, 3.25], "texture": "#0"},
				"west": {"uv": [12, 2.75, 12.25, 3.25], "texture": "#0"},
				"up": {"uv": [12, 2.75, 12.25, 3.25], "texture": "#0"},
				"down": {"uv": [12, 3, 12.25, 3.25], "texture": "#0"}
			}
		},
		{
			"from": [4, 10, 3.75],
			"to": [12, 11, 4],
			"rotation": {"angle": 0, "axis": "y", "origin": [9, 20, 11.75]},
			"faces": {
				"north": {"uv": [10, 1.75, 12, 2], "texture": "#0"},
				"east": {"uv": [10, 1.75, 10.25, 2], "texture": "#0"},
				"south": {"uv": [10, 1.75, 12, 2], "texture": "#0"},
				"west": {"uv": [11.75, 1.75, 12, 2], "texture": "#0"},
				"up": {"uv": [10, 1.75, 12, 2], "texture": "#0"},
				"down": {"uv": [10, 1.75, 12, 2], "texture": "#0"}
			}
		},
		{
			"from": [4, 7, 3.75],
			"to": [5, 8, 4],
			"rotation": {"angle": 0, "axis": "y", "origin": [5, 17, 11.75]},
			"faces": {
				"north": {"uv": [10, 2.5, 10.25, 2.75], "texture": "#0"},
				"east": {"uv": [10, 2.5, 10.25, 2.75], "texture": "#0"},
				"south": {"uv": [10, 2.5, 10.25, 2.75], "texture": "#0"},
				"west": {"uv": [10, 2.5, 10.25, 2.75], "texture": "#0"},
				"up": {"uv": [10, 2.5, 10.25, 2.75], "texture": "#0"},
				"down": {"uv": [10, 2.5, 10.25, 2.75], "texture": "#0"}
			}
		},
		{
			"from": [11, 7, 3.75],
			"to": [12, 8, 4],
			"rotation": {"angle": 0, "axis": "y", "origin": [12, 17, 11.75]},
			"faces": {
				"north": {"uv": [10, 2.5, 10.25, 2.75], "texture": "#0"},
				"east": {"uv": [10, 2.5, 10.25, 2.75], "texture": "#0"},
				"south": {"uv": [10, 2.5, 10.25, 2.75], "texture": "#0"},
				"west": {"uv": [10, 2.5, 10.25, 2.75], "texture": "#0"},
				"up": {"uv": [10, 2.5, 10.25, 2.75], "texture": "#0"},
				"down": {"uv": [10, 2.5, 10.25, 2.75], "texture": "#0"}
			}
		}
	],
	"display": {
		"thirdperson_righthand": {
			"scale": [0.3, 0.3, 0.3]
		},
		"thirdperson_lefthand": {
			"scale": [0.3, 0.3, 0.3]
		},
		"firstperson_righthand": {
			"scale": [0.5, 0.5, 0.5]
		},
		"firstperson_lefthand": {
			"scale": [0.5, 0.5, 0.5]
		},
		"ground": {
			"scale": [0.8, 0.8, 0.8]
		},
		"gui": {
			"rotation": [30, -135, 0],
			"scale": [0.8, 0.8, 0.8]
		},
		"head": {
			"scale": [1.65, 1.65, 1.65]
		}
	}
}