{
	"textures": {
		"0": "models_textures/blocks/green_terracotta",
		"1": "models_textures/blocks/black_concrete",
		"2": "models_textures/blocks/green_concrete",
		"4": "models/drawme_tank",
		"particle": "blocks/green_terracotta"
	},
	"elements": [
		{
			"from": [-12, 3.5, 0],
			"to": [17, 5.5, 22],
			"faces": {
				"north": {"uv": [0, 0, 16, 2], "texture": "#2"},
				"east": {"uv": [0, 0, 16, 2], "texture": "#2"},
				"south": {"uv": [0, 0, 16, 2], "texture": "#2"},
				"west": {"uv": [0, 0, 16, 2], "texture": "#2"},
				"up": {"uv": [0, 0, 16, 16], "texture": "#2"},
				"down": {"uv": [0, 0, 16, 16], "texture": "#2"}
			}
		},
		{
			"from": [13.675, -4.5, 0],
			"to": [20.675, -2.5, 22],
			"rotation": {"angle": 45, "axis": "z", "origin": [5.675, 3.5, 8]},
			"faces": {
				"north": {"uv": [0, 0, 7, 2], "texture": "#2"},
				"east": {"uv": [0, 0, 16, 2], "texture": "#2"},
				"south": {"uv": [0, 0, 7, 2], "texture": "#2"},
				"west": {"uv": [0, 0, 16, 2], "texture": "#2"},
				"up": {"uv": [0, 0, 7, 16], "texture": "#2"},
				"down": {"uv": [0, 0, 7, 16], "texture": "#2"}
			}
		},
		{
			"from": [27, 8.5, 0],
			"to": [29, 15.5, 22],
			"rotation": {"angle": 45, "axis": "z", "origin": [25.25, 0.5, 8]},
			"faces": {
				"north": {"uv": [0, 0, 7, 2], "rotation": 90, "texture": "#2"},
				"east": {"uv": [0, 0, 7, 16], "rotation": 270, "texture": "#2"},
				"south": {"uv": [0, 0, 7, 2], "rotation": 270, "texture": "#2"},
				"west": {"uv": [0, 0, 7, 16], "rotation": 90, "texture": "#2"},
				"up": {"uv": [0, 0, 16, 2], "rotation": 270, "texture": "#2"},
				"down": {"uv": [0, 0, 16, 2], "rotation": 270, "texture": "#2"}
			}
		},
		{
			"from": [-11.025, 11.7, 0],
			"to": [17.35, 13.7, 22],
			"faces": {
				"north": {"uv": [0, 0, 16, 2], "texture": "#2"},
				"east": {"uv": [0, 0, 16, 2], "texture": "#2"},
				"south": {"uv": [0, 0, 16, 2], "texture": "#2"},
				"west": {"uv": [0, 0, 16, 2], "texture": "#2"},
				"up": {"uv": [0, 0, 16, 16], "texture": "#2"},
				"down": {"uv": [0, 0, 16, 16], "texture": "#2"}
			}
		},
		{
			"from": [-8.5, 1.825, 0],
			"to": [-6.5, 8.825, 22],
			"rotation": {"angle": 22.5, "axis": "z", "origin": [-14.5, -6.175, 8]},
			"faces": {
				"north": {"uv": [0, 0, 7, 2], "rotation": 90, "texture": "#2"},
				"east": {"uv": [0, 0, 7, 16], "rotation": 270, "texture": "#2"},
				"south": {"uv": [0, 0, 7, 2], "rotation": 270, "texture": "#2"},
				"west": {"uv": [0, 0, 7, 16], "rotation": 90, "texture": "#2"},
				"up": {"uv": [0, 0, 16, 2], "rotation": 270, "texture": "#2"},
				"down": {"uv": [0, 0, 16, 2], "rotation": 270, "texture": "#2"}
			}
		},
		{
			"from": [-13.6, 21.025, 0],
			"to": [-8.35, 23.025, 22],
			"rotation": {"angle": 45, "axis": "z", "origin": [1.4, 15.025, 8]},
			"faces": {
				"north": {"uv": [0, 0, 5.25, 2], "rotation": 180, "texture": "#2"},
				"east": {"uv": [0, 0, 16, 2], "rotation": 180, "texture": "#2"},
				"south": {"uv": [0, 0, 5.25, 2], "rotation": 180, "texture": "#2"},
				"west": {"uv": [0, 0, 16, 2], "texture": "#2"},
				"up": {"uv": [0, 0, 5.25, 16], "rotation": 180, "texture": "#2"},
				"down": {"uv": [0, 0, 5.25, 16], "texture": "#2"}
			}
		},
		{
			"from": [-5.025, 13.7, 3],
			"to": [10.35, 19.7, 19],
			"faces": {
				"north": {"uv": [0, 0, 15.953, 6.578], "texture": "#4"},
				"east": {"uv": [0, 0, 16, 6], "texture": "#2"},
				"south": {"uv": [0, 0, 15.953, 6.578], "texture": "#4"},
				"west": {"uv": [0, 0, 16, 6], "texture": "#2"},
				"up": {"uv": [0, 0, 15.375, 16], "texture": "#2"},
				"down": {"uv": [0, 0, 15.375, 16], "texture": "#2"}
			}
		},
		{
			"from": [15.675, 10.875, 3],
			"to": [16.675, 17.775, 19],
			"rotation": {"angle": 22.5, "axis": "z", "origin": [8.675, 2.875, 8]},
			"faces": {
				"north": {"uv": [0, 0, 6.9, 1], "rotation": 90, "texture": "#2"},
				"east": {"uv": [0, 0, 6.9, 16], "rotation": 270, "texture": "#2"},
				"south": {"uv": [0, 0, 6.9, 1], "rotation": 270, "texture": "#2"},
				"west": {"uv": [0, 0, 6.9, 16], "rotation": 90, "texture": "#2"},
				"up": {"uv": [0, 0, 16, 1], "rotation": 270, "texture": "#2"},
				"down": {"uv": [0, 0, 16, 1], "rotation": 270, "texture": "#2"}
			}
		},
		{
			"from": [10.075, 13.7, 3],
			"to": [11.15, 17.7, 19],
			"faces": {
				"north": {"uv": [0, 0, 1.075, 4], "texture": "#2"},
				"east": {"uv": [0, 0, 16, 4], "texture": "#2"},
				"south": {"uv": [0, 0, 1.075, 4], "texture": "#2"},
				"west": {"uv": [0, 0, 16, 4], "texture": "#2"},
				"up": {"uv": [0, 0, 1.075, 16], "texture": "#2"},
				"down": {"uv": [0, 0, 1.075, 16], "texture": "#2"}
			}
		},
		{
			"from": [10.475, 13.7, 3],
			"to": [12.15, 15.3, 19],
			"faces": {
				"north": {"uv": [0, 0, 1.675, 1.6], "texture": "#2"},
				"east": {"uv": [0, 0, 16, 1.6], "texture": "#2"},
				"south": {"uv": [0, 0, 1.675, 1.6], "texture": "#2"},
				"west": {"uv": [0, 0, 16, 1.6], "texture": "#2"},
				"up": {"uv": [0, 0, 1.675, 16], "texture": "#2"},
				"down": {"uv": [0, 0, 1.675, 16], "texture": "#2"}
			}
		},
		{
			"from": [-12.4, 4.5, 0],
			"to": [17.5, 12.5, 2],
			"faces": {
				"north": {"uv": [0, 0, 16, 8], "texture": "#2"},
				"east": {"uv": [0, 0, 2, 8], "texture": "#2"},
				"south": {"uv": [0, 0, 16, 8], "texture": "#2"},
				"west": {"uv": [0, 0, 2, 8], "texture": "#2"},
				"up": {"uv": [0, 0, 16, 2], "texture": "#2"},
				"down": {"uv": [0, 0, 16, 2], "texture": "#2"}
			}
		},
		{
			"from": [15.8, 6, 0],
			"to": [19, 11.4, 2],
			"faces": {
				"north": {"uv": [0, 0, 3.2, 5.4], "texture": "#2"},
				"east": {"uv": [0, 0, 2, 5.4], "texture": "#2"},
				"south": {"uv": [0, 0, 3.2, 5.4], "texture": "#2"},
				"west": {"uv": [0, 0, 2, 5.4], "texture": "#2"},
				"up": {"uv": [0, 0, 3.2, 2], "texture": "#2"},
				"down": {"uv": [0, 0, 3.2, 2], "texture": "#2"}
			}
		},
		{
			"from": [15.8, 6, 20],
			"to": [19, 11.4, 22],
			"faces": {
				"north": {"uv": [0, 0, 3.2, 5.4], "texture": "#2"},
				"east": {"uv": [0, 0, 2, 5.4], "texture": "#2"},
				"south": {"uv": [0, 0, 3.2, 5.4], "texture": "#2"},
				"west": {"uv": [0, 0, 2, 5.4], "texture": "#2"},
				"up": {"uv": [0, 0, 3.2, 2], "texture": "#2"},
				"down": {"uv": [0, 0, 3.2, 2], "texture": "#2"}
			}
		},
		{
			"from": [-12.4, 4.5, 20],
			"to": [17, 12.5, 22],
			"faces": {
				"north": {"uv": [0, 0, 16, 8], "texture": "#2"},
				"east": {"uv": [0, 0, 2, 8], "texture": "#2"},
				"south": {"uv": [0, 0, 16, 8], "texture": "#2"},
				"west": {"uv": [0, 0, 2, 8], "texture": "#2"},
				"up": {"uv": [0, 0, 16, 2], "texture": "#2"},
				"down": {"uv": [0, 0, 16, 2], "texture": "#2"}
			}
		},
		{
			"from": [-14.175, 19.65, -5],
			"to": [-8.925, 20.65, 0],
			"rotation": {"angle": 45, "axis": "z", "origin": [0.825, 13.65, 5]},
			"faces": {
				"north": {"uv": [0, 0, 5.25, 1], "rotation": 180, "texture": "#2"},
				"east": {"uv": [0, 0, 5, 1], "rotation": 180, "texture": "#2"},
				"south": {"uv": [0, 0, 5.25, 1], "rotation": 180, "texture": "#2"},
				"west": {"uv": [0, 0, 5, 1], "texture": "#2"},
				"up": {"uv": [0, 0, 5.25, 5], "rotation": 180, "texture": "#2"},
				"down": {"uv": [0, 0, 5.25, 5], "texture": "#2"}
			}
		},
		{
			"from": [-11.025, 10.7, 22],
			"to": [16.6, 11.7, 27],
			"faces": {
				"north": {"uv": [0, 0, 16, 1], "texture": "#2"},
				"east": {"uv": [0, 0, 5, 1], "texture": "#2"},
				"south": {"uv": [0, 0, 16, 1], "texture": "#2"},
				"west": {"uv": [0, 0, 5, 1], "texture": "#2"},
				"up": {"uv": [0, 0, 16, 5], "texture": "#2"},
				"down": {"uv": [0, 0, 16, 5], "texture": "#2"}
			}
		},
		{
			"from": [26.275, 6.9, 22],
			"to": [27.275, 11.9, 27],
			"rotation": {"angle": 45, "axis": "z", "origin": [22.15, -1.1, 30]},
			"faces": {
				"north": {"uv": [0, 0, 5, 1], "rotation": 90, "texture": "#2"},
				"east": {"uv": [0, 0, 5, 5], "rotation": 270, "texture": "#2"},
				"south": {"uv": [0, 0, 5, 1], "rotation": 270, "texture": "#2"},
				"west": {"uv": [0, 0, 5, 5], "rotation": 90, "texture": "#2"},
				"up": {"uv": [0, 0, 5, 1], "rotation": 270, "texture": "#2"},
				"down": {"uv": [0, 0, 5, 1], "rotation": 270, "texture": "#2"}
			}
		},
		{
			"from": [-14.175, 19.65, 22],
			"to": [-8.925, 20.65, 27],
			"rotation": {"angle": 45, "axis": "z", "origin": [0.825, 13.65, 32]},
			"faces": {
				"north": {"uv": [0, 0, 5.25, 1], "rotation": 180, "texture": "#2"},
				"east": {"uv": [0, 0, 5, 1], "rotation": 180, "texture": "#2"},
				"south": {"uv": [0, 0, 5.25, 1], "rotation": 180, "texture": "#2"},
				"west": {"uv": [0, 0, 5, 1], "texture": "#2"},
				"up": {"uv": [0, 0, 5.25, 5], "rotation": 180, "texture": "#2"},
				"down": {"uv": [0, 0, 5.25, 5], "texture": "#2"}
			}
		},
		{
			"from": [26.275, 6.9, -5],
			"to": [27.275, 11.9, 0],
			"rotation": {"angle": 45, "axis": "z", "origin": [22.15, -1.1, 3]},
			"faces": {
				"north": {"uv": [0, 0, 5, 1], "rotation": 90, "texture": "#2"},
				"east": {"uv": [0, 0, 5, 5], "rotation": 270, "texture": "#2"},
				"south": {"uv": [0, 0, 5, 1], "rotation": 270, "texture": "#2"},
				"west": {"uv": [0, 0, 5, 5], "rotation": 90, "texture": "#2"},
				"up": {"uv": [0, 0, 5, 1], "rotation": 270, "texture": "#2"},
				"down": {"uv": [0, 0, 5, 1], "rotation": 270, "texture": "#2"}
			}
		},
		{
			"from": [-11.025, 10.7, -5],
			"to": [16.6, 11.7, 0],
			"faces": {
				"north": {"uv": [0, 0, 16, 1], "texture": "#2"},
				"east": {"uv": [0, 0, 5, 1], "texture": "#2"},
				"south": {"uv": [0, 0, 16, 1], "texture": "#2"},
				"west": {"uv": [0, 0, 5, 1], "texture": "#2"},
				"up": {"uv": [0, 0, 16, 5], "texture": "#2"},
				"down": {"uv": [0, 0, 16, 5], "texture": "#2"}
			}
		},
		{
			"from": [6.5, 15.5, 13],
			"to": [28.75, 18.5, 16],
			"faces": {
				"north": {"uv": [0, 0, 16, 3], "texture": "#2"},
				"east": {"uv": [0, 0, 3, 3], "texture": "#2"},
				"south": {"uv": [0, 0, 16, 3], "texture": "#2"},
				"west": {"uv": [0, 0, 3, 3], "texture": "#2"},
				"up": {"uv": [0, 0, 16, 3], "rotation": 180, "texture": "#2"},
				"down": {"uv": [0, 0, 16, 3], "rotation": 180, "texture": "#2"}
			}
		},
		{
			"from": [27, 15.5, 16],
			"to": [32, 18.5, 16.5],
			"faces": {
				"north": {"uv": [0, 0, 5, 3], "texture": "#2"},
				"east": {"uv": [0, 0, 0.5, 3], "texture": "#2"},
				"south": {"uv": [0, 0, 5, 3], "texture": "#2"},
				"west": {"uv": [0, 0, 0.5, 3], "texture": "#2"},
				"up": {"uv": [0, 0, 5, 0.5], "rotation": 180, "texture": "#2"},
				"down": {"uv": [0, 0, 5, 0.5], "rotation": 180, "texture": "#2"}
			}
		},
		{
			"from": [27, 18.5, 13],
			"to": [32, 19, 16],
			"faces": {
				"north": {"uv": [0, 0, 5, 0.5], "texture": "#2"},
				"east": {"uv": [0, 0, 0.5, 3], "rotation": 90, "texture": "#2"},
				"south": {"uv": [0, 0, 5, 0.5], "rotation": 180, "texture": "#2"},
				"west": {"uv": [0, 0, 0.5, 3], "rotation": 270, "texture": "#2"},
				"up": {"uv": [0, 0, 5, 3], "texture": "#2"},
				"down": {"uv": [0, 0, 5, 3], "rotation": 180, "texture": "#2"}
			}
		},
		{
			"from": [27, 15, 13],
			"to": [32, 15.5, 16],
			"faces": {
				"north": {"uv": [0, 0, 5, 0.5], "texture": "#2"},
				"east": {"uv": [0, 0, 0.5, 3], "rotation": 90, "texture": "#2"},
				"south": {"uv": [0, 0, 5, 0.5], "rotation": 180, "texture": "#2"},
				"west": {"uv": [0, 0, 0.5, 3], "rotation": 270, "texture": "#2"},
				"up": {"uv": [0, 0, 5, 3], "texture": "#2"},
				"down": {"uv": [0, 0, 5, 3], "rotation": 180, "texture": "#2"}
			}
		},
		{
			"from": [27, 15.5, 12.5],
			"to": [32, 18.5, 13],
			"faces": {
				"north": {"uv": [0, 0, 5, 3], "texture": "#2"},
				"east": {"uv": [0, 0, 0.5, 3], "texture": "#2"},
				"south": {"uv": [0, 0, 5, 3], "texture": "#2"},
				"west": {"uv": [0, 0, 0.5, 3], "texture": "#2"},
				"up": {"uv": [0, 0, 5, 0.5], "rotation": 180, "texture": "#2"},
				"down": {"uv": [0, 0, 5, 0.5], "rotation": 180, "texture": "#2"}
			}
		},
		{
			"from": [8.25, 4.5, -3],
			"to": [9, 8.5, 0],
			"faces": {
				"north": {"uv": [0, 0, 4, 0.75], "rotation": 90, "texture": "#0"},
				"east": {"uv": [0, 0, 4, 3], "rotation": 270, "texture": "#0"},
				"south": {"uv": [0, 0, 4, 0.75], "rotation": 270, "texture": "#0"},
				"west": {"uv": [0, 0, 4, 3], "rotation": 90, "texture": "#0"},
				"up": {"uv": [0, 0, 3, 0.75], "rotation": 270, "texture": "#0"},
				"down": {"uv": [0, 0, 3, 0.75], "rotation": 270, "texture": "#0"}
			}
		},
		{
			"from": [13, 4.5, -3],
			"to": [13.75, 8.5, 0],
			"faces": {
				"north": {"uv": [0, 0, 4, 0.75], "rotation": 90, "texture": "#0"},
				"east": {"uv": [0, 0, 4, 3], "rotation": 270, "texture": "#0"},
				"south": {"uv": [0, 0, 4, 0.75], "rotation": 270, "texture": "#0"},
				"west": {"uv": [0, 0, 4, 3], "rotation": 90, "texture": "#0"},
				"up": {"uv": [0, 0, 3, 0.75], "rotation": 270, "texture": "#0"},
				"down": {"uv": [0, 0, 3, 0.75], "rotation": 270, "texture": "#0"}
			}
		},
		{
			"from": [9, 3.75, -3],
			"to": [13, 4.5, 0],
			"faces": {
				"north": {"uv": [0, 0, 4, 0.75], "texture": "#0"},
				"east": {"uv": [0, 0, 3, 0.75], "texture": "#0"},
				"south": {"uv": [0, 0, 4, 0.75], "texture": "#0"},
				"west": {"uv": [0, 0, 3, 0.75], "texture": "#0"},
				"up": {"uv": [0, 0, 4, 3], "texture": "#0"},
				"down": {"uv": [0, 0, 4, 3], "texture": "#0"}
			}
		},
		{
			"from": [9, 8.5, -3],
			"to": [13, 9.25, 0],
			"faces": {
				"north": {"uv": [0, 0, 4, 0.75], "texture": "#0"},
				"east": {"uv": [0, 0, 3, 0.75], "texture": "#0"},
				"south": {"uv": [0, 0, 4, 0.75], "texture": "#0"},
				"west": {"uv": [0, 0, 3, 0.75], "texture": "#0"},
				"up": {"uv": [0, 0, 4, 3], "texture": "#0"},
				"down": {"uv": [0, 0, 4, 3], "texture": "#0"}
			}
		},
		{
			"from": [9, 4.5, -1],
			"to": [13, 8.5, 0],
			"faces": {
				"north": {"uv": [0, 0, 4, 4], "texture": "#0"},
				"east": {"uv": [0, 0, 1, 4], "texture": "#0"},
				"south": {"uv": [0, 0, 4, 4], "texture": "#0"},
				"west": {"uv": [0, 0, 1, 4], "texture": "#0"},
				"up": {"uv": [0, 0, 4, 1], "texture": "#0"},
				"down": {"uv": [0, 0, 4, 1], "texture": "#0"}
			}
		},
		{
			"from": [10, 5.5, -2],
			"to": [12, 7.5, -1],
			"faces": {
				"north": {"uv": [0, 0, 2, 2], "texture": "#0"},
				"east": {"uv": [0, 0, 1, 2], "texture": "#0"},
				"south": {"uv": [0, 0, 2, 2], "texture": "#0"},
				"west": {"uv": [0, 0, 1, 2], "texture": "#0"},
				"up": {"uv": [0, 0, 2, 1], "texture": "#0"},
				"down": {"uv": [0, 0, 2, 1], "texture": "#0"}
			}
		},
		{
			"from": [2, 5.5, -2],
			"to": [4, 7.5, -1],
			"faces": {
				"north": {"uv": [0, 0, 2, 2], "texture": "#0"},
				"east": {"uv": [0, 0, 1, 2], "texture": "#0"},
				"south": {"uv": [0, 0, 2, 2], "texture": "#0"},
				"west": {"uv": [0, 0, 1, 2], "texture": "#0"},
				"up": {"uv": [0, 0, 2, 1], "texture": "#0"},
				"down": {"uv": [0, 0, 2, 1], "texture": "#0"}
			}
		},
		{
			"from": [1, 4.5, -1],
			"to": [5, 8.5, 0],
			"faces": {
				"north": {"uv": [0, 0, 4, 4], "texture": "#0"},
				"east": {"uv": [0, 0, 1, 4], "texture": "#0"},
				"south": {"uv": [0, 0, 4, 4], "texture": "#0"},
				"west": {"uv": [0, 0, 1, 4], "texture": "#0"},
				"up": {"uv": [0, 0, 4, 1], "texture": "#0"},
				"down": {"uv": [0, 0, 4, 1], "texture": "#0"}
			}
		},
		{
			"from": [1, 8.5, -3],
			"to": [5, 9.25, 0],
			"faces": {
				"north": {"uv": [0, 0, 4, 0.75], "texture": "#0"},
				"east": {"uv": [0, 0, 3, 0.75], "texture": "#0"},
				"south": {"uv": [0, 0, 4, 0.75], "texture": "#0"},
				"west": {"uv": [0, 0, 3, 0.75], "texture": "#0"},
				"up": {"uv": [0, 0, 4, 3], "texture": "#0"},
				"down": {"uv": [0, 0, 4, 3], "texture": "#0"}
			}
		},
		{
			"from": [1, 3.75, -3],
			"to": [5, 4.5, 0],
			"faces": {
				"north": {"uv": [0, 0, 4, 0.75], "texture": "#0"},
				"east": {"uv": [0, 0, 3, 0.75], "texture": "#0"},
				"south": {"uv": [0, 0, 4, 0.75], "texture": "#0"},
				"west": {"uv": [0, 0, 3, 0.75], "texture": "#0"},
				"up": {"uv": [0, 0, 4, 3], "texture": "#0"},
				"down": {"uv": [0, 0, 4, 3], "texture": "#0"}
			}
		},
		{
			"from": [5, 4.5, -3],
			"to": [5.75, 8.5, 0],
			"faces": {
				"north": {"uv": [0, 0, 4, 0.75], "rotation": 90, "texture": "#0"},
				"east": {"uv": [0, 0, 4, 3], "rotation": 270, "texture": "#0"},
				"south": {"uv": [0, 0, 4, 0.75], "rotation": 270, "texture": "#0"},
				"west": {"uv": [0, 0, 4, 3], "rotation": 90, "texture": "#0"},
				"up": {"uv": [0, 0, 3, 0.75], "rotation": 270, "texture": "#0"},
				"down": {"uv": [0, 0, 3, 0.75], "rotation": 270, "texture": "#0"}
			}
		},
		{
			"from": [0.25, 4.5, -3],
			"to": [1, 8.5, 0],
			"faces": {
				"north": {"uv": [0, 0, 4, 0.75], "rotation": 90, "texture": "#0"},
				"east": {"uv": [0, 0, 4, 3], "rotation": 270, "texture": "#0"},
				"south": {"uv": [0, 0, 4, 0.75], "rotation": 270, "texture": "#0"},
				"west": {"uv": [0, 0, 4, 3], "rotation": 90, "texture": "#0"},
				"up": {"uv": [0, 0, 3, 0.75], "rotation": 270, "texture": "#0"},
				"down": {"uv": [0, 0, 3, 0.75], "rotation": 270, "texture": "#0"}
			}
		},
		{
			"from": [-6, 5.5, -2],
			"to": [-4, 7.5, -1],
			"faces": {
				"north": {"uv": [0, 0, 2, 2], "texture": "#0"},
				"east": {"uv": [0, 0, 1, 2], "texture": "#0"},
				"south": {"uv": [0, 0, 2, 2], "texture": "#0"},
				"west": {"uv": [0, 0, 1, 2], "texture": "#0"},
				"up": {"uv": [0, 0, 2, 1], "texture": "#0"},
				"down": {"uv": [0, 0, 2, 1], "texture": "#0"}
			}
		},
		{
			"from": [-7, 4.5, -1],
			"to": [-3, 8.5, 0],
			"faces": {
				"north": {"uv": [0, 0, 4, 4], "texture": "#0"},
				"east": {"uv": [0, 0, 1, 4], "texture": "#0"},
				"south": {"uv": [0, 0, 4, 4], "texture": "#0"},
				"west": {"uv": [0, 0, 1, 4], "texture": "#0"},
				"up": {"uv": [0, 0, 4, 1], "texture": "#0"},
				"down": {"uv": [0, 0, 4, 1], "texture": "#0"}
			}
		},
		{
			"from": [-7, 8.5, -3],
			"to": [-3, 9.25, 0],
			"faces": {
				"north": {"uv": [0, 0, 4, 0.75], "texture": "#0"},
				"east": {"uv": [0, 0, 3, 0.75], "texture": "#0"},
				"south": {"uv": [0, 0, 4, 0.75], "texture": "#0"},
				"west": {"uv": [0, 0, 3, 0.75], "texture": "#0"},
				"up": {"uv": [0, 0, 4, 3], "texture": "#0"},
				"down": {"uv": [0, 0, 4, 3], "texture": "#0"}
			}
		},
		{
			"from": [-7, 3.75, -3],
			"to": [-3, 4.5, 0],
			"faces": {
				"north": {"uv": [0, 0, 4, 0.75], "texture": "#0"},
				"east": {"uv": [0, 0, 3, 0.75], "texture": "#0"},
				"south": {"uv": [0, 0, 4, 0.75], "texture": "#0"},
				"west": {"uv": [0, 0, 3, 0.75], "texture": "#0"},
				"up": {"uv": [0, 0, 4, 3], "texture": "#0"},
				"down": {"uv": [0, 0, 4, 3], "texture": "#0"}
			}
		},
		{
			"from": [-3, 4.5, -3],
			"to": [-2.25, 8.5, 0],
			"faces": {
				"north": {"uv": [0, 0, 4, 0.75], "rotation": 90, "texture": "#0"},
				"east": {"uv": [0, 0, 4, 3], "rotation": 270, "texture": "#0"},
				"south": {"uv": [0, 0, 4, 0.75], "rotation": 270, "texture": "#0"},
				"west": {"uv": [0, 0, 4, 3], "rotation": 90, "texture": "#0"},
				"up": {"uv": [0, 0, 3, 0.75], "rotation": 270, "texture": "#0"},
				"down": {"uv": [0, 0, 3, 0.75], "rotation": 270, "texture": "#0"}
			}
		},
		{
			"from": [-7.75, 4.5, -3],
			"to": [-7, 8.5, 0],
			"faces": {
				"north": {"uv": [0, 0, 4, 0.75], "rotation": 90, "texture": "#0"},
				"east": {"uv": [0, 0, 4, 3], "rotation": 270, "texture": "#0"},
				"south": {"uv": [0, 0, 4, 0.75], "rotation": 270, "texture": "#0"},
				"west": {"uv": [0, 0, 4, 3], "rotation": 90, "texture": "#0"},
				"up": {"uv": [0, 0, 3, 0.75], "rotation": 270, "texture": "#0"},
				"down": {"uv": [0, 0, 3, 0.75], "rotation": 270, "texture": "#0"}
			}
		},
		{
			"from": [13, 4.5, 22],
			"to": [13.75, 8.5, 25],
			"faces": {
				"north": {"uv": [0, 0, 4, 0.75], "rotation": 270, "texture": "#0"},
				"east": {"uv": [0, 0, 4, 3], "rotation": 90, "texture": "#0"},
				"south": {"uv": [0, 0, 4, 0.75], "rotation": 90, "texture": "#0"},
				"west": {"uv": [0, 0, 4, 3], "rotation": 270, "texture": "#0"},
				"up": {"uv": [0, 0, 3, 0.75], "rotation": 90, "texture": "#0"},
				"down": {"uv": [0, 0, 3, 0.75], "rotation": 90, "texture": "#0"}
			}
		},
		{
			"from": [8.25, 4.5, 22],
			"to": [9, 8.5, 25],
			"faces": {
				"north": {"uv": [0, 0, 4, 0.75], "rotation": 270, "texture": "#0"},
				"east": {"uv": [0, 0, 4, 3], "rotation": 90, "texture": "#0"},
				"south": {"uv": [0, 0, 4, 0.75], "rotation": 90, "texture": "#0"},
				"west": {"uv": [0, 0, 4, 3], "rotation": 270, "texture": "#0"},
				"up": {"uv": [0, 0, 3, 0.75], "rotation": 90, "texture": "#0"},
				"down": {"uv": [0, 0, 3, 0.75], "rotation": 90, "texture": "#0"}
			}
		},
		{
			"from": [9, 3.75, 22],
			"to": [13, 4.5, 25],
			"faces": {
				"north": {"uv": [0, 0, 4, 0.75], "texture": "#0"},
				"east": {"uv": [0, 0, 3, 0.75], "texture": "#0"},
				"south": {"uv": [0, 0, 4, 0.75], "texture": "#0"},
				"west": {"uv": [0, 0, 3, 0.75], "texture": "#0"},
				"up": {"uv": [0, 0, 4, 3], "rotation": 180, "texture": "#0"},
				"down": {"uv": [0, 0, 4, 3], "rotation": 180, "texture": "#0"}
			}
		},
		{
			"from": [9, 8.5, 22],
			"to": [13, 9.25, 25],
			"faces": {
				"north": {"uv": [0, 0, 4, 0.75], "texture": "#0"},
				"east": {"uv": [0, 0, 3, 0.75], "texture": "#0"},
				"south": {"uv": [0, 0, 4, 0.75], "texture": "#0"},
				"west": {"uv": [0, 0, 3, 0.75], "texture": "#0"},
				"up": {"uv": [0, 0, 4, 3], "rotation": 180, "texture": "#0"},
				"down": {"uv": [0, 0, 4, 3], "rotation": 180, "texture": "#0"}
			}
		},
		{
			"from": [9, 4.5, 22],
			"to": [13, 8.5, 23],
			"faces": {
				"north": {"uv": [0, 0, 4, 4], "texture": "#0"},
				"east": {"uv": [0, 0, 1, 4], "texture": "#0"},
				"south": {"uv": [0, 0, 4, 4], "texture": "#0"},
				"west": {"uv": [0, 0, 1, 4], "texture": "#0"},
				"up": {"uv": [0, 0, 4, 1], "rotation": 180, "texture": "#0"},
				"down": {"uv": [0, 0, 4, 1], "rotation": 180, "texture": "#0"}
			}
		},
		{
			"from": [10, 5.5, 23],
			"to": [12, 7.5, 24],
			"faces": {
				"north": {"uv": [0, 0, 2, 2], "texture": "#0"},
				"east": {"uv": [0, 0, 1, 2], "texture": "#0"},
				"south": {"uv": [0, 0, 2, 2], "texture": "#0"},
				"west": {"uv": [0, 0, 1, 2], "texture": "#0"},
				"up": {"uv": [0, 0, 2, 1], "rotation": 180, "texture": "#0"},
				"down": {"uv": [0, 0, 2, 1], "rotation": 180, "texture": "#0"}
			}
		},
		{
			"from": [2, 5.5, 23],
			"to": [4, 7.5, 24],
			"faces": {
				"north": {"uv": [0, 0, 2, 2], "texture": "#0"},
				"east": {"uv": [0, 0, 1, 2], "texture": "#0"},
				"south": {"uv": [0, 0, 2, 2], "texture": "#0"},
				"west": {"uv": [0, 0, 1, 2], "texture": "#0"},
				"up": {"uv": [0, 0, 2, 1], "rotation": 180, "texture": "#0"},
				"down": {"uv": [0, 0, 2, 1], "rotation": 180, "texture": "#0"}
			}
		},
		{
			"from": [1, 4.5, 22],
			"to": [5, 8.5, 23],
			"faces": {
				"north": {"uv": [0, 0, 4, 4], "texture": "#0"},
				"east": {"uv": [0, 0, 1, 4], "texture": "#0"},
				"south": {"uv": [0, 0, 4, 4], "texture": "#0"},
				"west": {"uv": [0, 0, 1, 4], "texture": "#0"},
				"up": {"uv": [0, 0, 4, 1], "rotation": 180, "texture": "#0"},
				"down": {"uv": [0, 0, 4, 1], "rotation": 180, "texture": "#0"}
			}
		},
		{
			"from": [1, 8.5, 22],
			"to": [5, 9.25, 25],
			"faces": {
				"north": {"uv": [0, 0, 4, 0.75], "texture": "#0"},
				"east": {"uv": [0, 0, 3, 0.75], "texture": "#0"},
				"south": {"uv": [0, 0, 4, 0.75], "texture": "#0"},
				"west": {"uv": [0, 0, 3, 0.75], "texture": "#0"},
				"up": {"uv": [0, 0, 4, 3], "rotation": 180, "texture": "#0"},
				"down": {"uv": [0, 0, 4, 3], "rotation": 180, "texture": "#0"}
			}
		},
		{
			"from": [1, 3.75, 22],
			"to": [5, 4.5, 25],
			"faces": {
				"north": {"uv": [0, 0, 4, 0.75], "texture": "#0"},
				"east": {"uv": [0, 0, 3, 0.75], "texture": "#0"},
				"south": {"uv": [0, 0, 4, 0.75], "texture": "#0"},
				"west": {"uv": [0, 0, 3, 0.75], "texture": "#0"},
				"up": {"uv": [0, 0, 4, 3], "rotation": 180, "texture": "#0"},
				"down": {"uv": [0, 0, 4, 3], "rotation": 180, "texture": "#0"}
			}
		},
		{
			"from": [0.25, 4.5, 22],
			"to": [1, 8.5, 25],
			"faces": {
				"north": {"uv": [0, 0, 4, 0.75], "rotation": 270, "texture": "#0"},
				"east": {"uv": [0, 0, 4, 3], "rotation": 90, "texture": "#0"},
				"south": {"uv": [0, 0, 4, 0.75], "rotation": 90, "texture": "#0"},
				"west": {"uv": [0, 0, 4, 3], "rotation": 270, "texture": "#0"},
				"up": {"uv": [0, 0, 3, 0.75], "rotation": 90, "texture": "#0"},
				"down": {"uv": [0, 0, 3, 0.75], "rotation": 90, "texture": "#0"}
			}
		},
		{
			"from": [5, 4.5, 22],
			"to": [5.75, 8.5, 25],
			"faces": {
				"north": {"uv": [0, 0, 4, 0.75], "rotation": 270, "texture": "#0"},
				"east": {"uv": [0, 0, 4, 3], "rotation": 90, "texture": "#0"},
				"south": {"uv": [0, 0, 4, 0.75], "rotation": 90, "texture": "#0"},
				"west": {"uv": [0, 0, 4, 3], "rotation": 270, "texture": "#0"},
				"up": {"uv": [0, 0, 3, 0.75], "rotation": 90, "texture": "#0"},
				"down": {"uv": [0, 0, 3, 0.75], "rotation": 90, "texture": "#0"}
			}
		},
		{
			"from": [-3, 4.5, 22],
			"to": [-2.25, 8.5, 25],
			"faces": {
				"north": {"uv": [0, 0, 4, 0.75], "rotation": 270, "texture": "#0"},
				"east": {"uv": [0, 0, 4, 3], "rotation": 90, "texture": "#0"},
				"south": {"uv": [0, 0, 4, 0.75], "rotation": 90, "texture": "#0"},
				"west": {"uv": [0, 0, 4, 3], "rotation": 270, "texture": "#0"},
				"up": {"uv": [0, 0, 3, 0.75], "rotation": 90, "texture": "#0"},
				"down": {"uv": [0, 0, 3, 0.75], "rotation": 90, "texture": "#0"}
			}
		},
		{
			"from": [-7.75, 4.5, 22],
			"to": [-7, 8.5, 25],
			"faces": {
				"north": {"uv": [0, 0, 4, 0.75], "rotation": 270, "texture": "#0"},
				"east": {"uv": [0, 0, 4, 3], "rotation": 90, "texture": "#0"},
				"south": {"uv": [0, 0, 4, 0.75], "rotation": 90, "texture": "#0"},
				"west": {"uv": [0, 0, 4, 3], "rotation": 270, "texture": "#0"},
				"up": {"uv": [0, 0, 3, 0.75], "rotation": 90, "texture": "#0"},
				"down": {"uv": [0, 0, 3, 0.75], "rotation": 90, "texture": "#0"}
			}
		},
		{
			"from": [-7, 3.75, 22],
			"to": [-3, 4.5, 25],
			"faces": {
				"north": {"uv": [0, 0, 4, 0.75], "texture": "#0"},
				"east": {"uv": [0, 0, 3, 0.75], "texture": "#0"},
				"south": {"uv": [0, 0, 4, 0.75], "texture": "#0"},
				"west": {"uv": [0, 0, 3, 0.75], "texture": "#0"},
				"up": {"uv": [0, 0, 4, 3], "rotation": 180, "texture": "#0"},
				"down": {"uv": [0, 0, 4, 3], "rotation": 180, "texture": "#0"}
			}
		},
		{
			"from": [-7, 8.5, 22],
			"to": [-3, 9.25, 25],
			"faces": {
				"north": {"uv": [0, 0, 4, 0.75], "texture": "#0"},
				"east": {"uv": [0, 0, 3, 0.75], "texture": "#0"},
				"south": {"uv": [0, 0, 4, 0.75], "texture": "#0"},
				"west": {"uv": [0, 0, 3, 0.75], "texture": "#0"},
				"up": {"uv": [0, 0, 4, 3], "rotation": 180, "texture": "#0"},
				"down": {"uv": [0, 0, 4, 3], "rotation": 180, "texture": "#0"}
			}
		},
		{
			"from": [-7, 4.5, 22],
			"to": [-3, 8.5, 23],
			"faces": {
				"north": {"uv": [0, 0, 4, 4], "texture": "#0"},
				"east": {"uv": [0, 0, 1, 4], "texture": "#0"},
				"south": {"uv": [0, 0, 4, 4], "texture": "#0"},
				"west": {"uv": [0, 0, 1, 4], "texture": "#0"},
				"up": {"uv": [0, 0, 4, 1], "rotation": 180, "texture": "#0"},
				"down": {"uv": [0, 0, 4, 1], "rotation": 180, "texture": "#0"}
			}
		},
		{
			"from": [-6, 5.5, 23],
			"to": [-4, 7.5, 24],
			"faces": {
				"north": {"uv": [0, 0, 2, 2], "texture": "#0"},
				"east": {"uv": [0, 0, 1, 2], "texture": "#0"},
				"south": {"uv": [0, 0, 2, 2], "texture": "#0"},
				"west": {"uv": [0, 0, 1, 2], "texture": "#0"},
				"up": {"uv": [0, 0, 2, 1], "rotation": 180, "texture": "#0"},
				"down": {"uv": [0, 0, 2, 1], "rotation": 180, "texture": "#0"}
			}
		},
		{
			"from": [-8.25, 2.75, -5],
			"to": [14, 3.75, 0],
			"faces": {
				"north": {"uv": [0, 0, 16, 1], "texture": "#1"},
				"east": {"uv": [0, 0, 5, 1], "texture": "#1"},
				"south": {"uv": [0, 0, 16, 1], "texture": "#1"},
				"west": {"uv": [0, 0, 5, 1], "texture": "#1"},
				"up": {"uv": [0, 0, 16, 5], "texture": "#1"},
				"down": {"uv": [0, 0, 16, 5], "texture": "#1"}
			}
		},
		{
			"from": [-8, 9.25, -5],
			"to": [14, 10.25, 0],
			"faces": {
				"north": {"uv": [0, 0, 16, 1], "texture": "#1"},
				"east": {"uv": [0, 0, 5, 1], "texture": "#1"},
				"south": {"uv": [0, 0, 16, 1], "texture": "#1"},
				"west": {"uv": [0, 0, 5, 1], "texture": "#1"},
				"up": {"uv": [0, 0, 16, 5], "texture": "#1"},
				"down": {"uv": [0, 0, 16, 5], "texture": "#1"}
			}
		},
		{
			"from": [-8.75, 3.25, -5],
			"to": [-7.75, 9.25, 0],
			"faces": {
				"north": {"uv": [0, 0, 1, 6], "texture": "#1"},
				"east": {"uv": [0, 0, 5, 6], "texture": "#1"},
				"south": {"uv": [0, 0, 1, 6], "texture": "#1"},
				"west": {"uv": [0, 0, 5, 6], "texture": "#1"},
				"up": {"uv": [0, 0, 1, 5], "texture": "#1"},
				"down": {"uv": [0, 0, 1, 5], "texture": "#1"}
			}
		},
		{
			"from": [14, 3.25, -5],
			"to": [15, 9.25, 0],
			"faces": {
				"north": {"uv": [0, 0, 1, 6], "texture": "#1"},
				"east": {"uv": [0, 0, 5, 6], "texture": "#1"},
				"south": {"uv": [0, 0, 1, 6], "texture": "#1"},
				"west": {"uv": [0, 0, 5, 6], "texture": "#1"},
				"up": {"uv": [0, 0, 1, 5], "texture": "#1"},
				"down": {"uv": [0, 0, 1, 5], "texture": "#1"}
			}
		},
		{
			"from": [-8.75, 3.25, 22],
			"to": [-7.75, 9.25, 27],
			"faces": {
				"north": {"uv": [0, 0, 1, 6], "texture": "#1"},
				"east": {"uv": [0, 0, 5, 6], "texture": "#1"},
				"south": {"uv": [0, 0, 1, 6], "texture": "#1"},
				"west": {"uv": [0, 0, 5, 6], "texture": "#1"},
				"up": {"uv": [0, 0, 1, 5], "texture": "#1"},
				"down": {"uv": [0, 0, 1, 5], "texture": "#1"}
			}
		},
		{
			"from": [-8.25, 2.75, 22],
			"to": [14, 3.75, 27],
			"faces": {
				"north": {"uv": [0, 0, 16, 1], "texture": "#1"},
				"east": {"uv": [0, 0, 5, 1], "texture": "#1"},
				"south": {"uv": [0, 0, 16, 1], "texture": "#1"},
				"west": {"uv": [0, 0, 5, 1], "texture": "#1"},
				"up": {"uv": [0, 0, 16, 5], "texture": "#1"},
				"down": {"uv": [0, 0, 16, 5], "texture": "#1"}
			}
		},
		{
			"from": [-8, 9.25, 22],
			"to": [14, 10.25, 27],
			"faces": {
				"north": {"uv": [0, 0, 16, 1], "texture": "#1"},
				"east": {"uv": [0, 0, 5, 1], "texture": "#1"},
				"south": {"uv": [0, 0, 16, 1], "texture": "#1"},
				"west": {"uv": [0, 0, 5, 1], "texture": "#1"},
				"up": {"uv": [0, 0, 16, 5], "texture": "#1"},
				"down": {"uv": [0, 0, 16, 5], "texture": "#1"}
			}
		},
		{
			"from": [14, 3.25, 22],
			"to": [15, 9.25, 27],
			"faces": {
				"north": {"uv": [0, 0, 1, 6], "texture": "#1"},
				"east": {"uv": [0, 0, 5, 6], "texture": "#1"},
				"south": {"uv": [0, 0, 1, 6], "texture": "#1"},
				"west": {"uv": [0, 0, 5, 6], "texture": "#1"},
				"up": {"uv": [0, 0, 1, 5], "texture": "#1"},
				"down": {"uv": [0, 0, 1, 5], "texture": "#1"}
			}
		},
		{
			"from": [-2, 19.25, 5],
			"to": [5, 21.25, 12],
			"faces": {
				"north": {"uv": [0, 0, 7, 7], "texture": "#0"},
				"east": {"uv": [0, 0, 7, 7], "texture": "#0"},
				"south": {"uv": [0, 0, 7, 7], "texture": "#0"},
				"west": {"uv": [0, 0, 7, 7], "texture": "#0"},
				"up": {"uv": [0, 0, 7, 7], "texture": "#0"},
				"down": {"uv": [0, 0, 7, 7], "texture": "#0"}
			}
		},
		{
			"from": [-8, 14, 5],
			"to": [-5, 17, 13],
			"faces": {
				"north": {"uv": [0, 0, 3, 3], "texture": "#2"},
				"east": {"uv": [0, 0, 8, 3], "texture": "#2"},
				"south": {"uv": [0, 0, 3, 3], "texture": "#2"},
				"west": {"uv": [0, 0, 8, 3], "texture": "#2"},
				"up": {"uv": [0, 0, 8, 3], "rotation": 270, "texture": "#2"},
				"down": {"uv": [0, 0, 8, 3], "rotation": 90, "texture": "#2"}
			}
		}
	],
	"display": {
		"thirdperson_righthand": {
			"rotation": [0, 90, 45],
			"translation": [0, -0.5, -1.25],
			"scale": [0.2, 0.2, 0.2]
		},
		"thirdperson_lefthand": {
			"rotation": [0, -90, -45],
			"translation": [0, -0.5, -1.25],
			"scale": [0.2, 0.2, 0.2]
		},
		"firstperson_righthand": {
			"rotation": [0, 90, 0],
			"translation": [0, 0, 1.25],
			"scale": [0.2, 0.2, 0.2]
		},
		"firstperson_lefthand": {
			"rotation": [0, -90, 0],
			"translation": [0, 0, 1.25],
			"scale": [0.2, 0.2, 0.2]
		},
		"ground": {
			"translation": [0, -2.25, 0],
			"scale": [0.2, 0.2, 0.2]
		},
		"gui": {
			"rotation": [9, -25, -9],
			"translation": [1, -1.5, 0],
			"scale": [0.3, 0.3, 0.3]
		},
		"head": {
			"rotation": [0, 90, 0],
			"translation": [-2.75, 3.25, -4],
			"scale": [0.8, 0.8, 0.8]
		},
		"fixed": {
			"translation": [-0.25, -2.5, -2.5],
			"scale": [0.4, 0.4, 0.4]
		}
	},
	"groups": [
		{
			"name": "base",
			"children": [0, 1, 2, 3, 4, 5, 6, 7, 8, 9, 10, 11, 12, 13, 14, 15, 16, 17, 18, 19]
		},
		{
			"name": "tank_barrel",
			"children": [20, 21, 22, 23, 24]
		},
		{
			"name": "wheel",
			"children": [25, 26, 27, 28, 29, 30, 31, 32, 33, 34, 35, 36, 37, 38, 39, 40, 41, 42, 43, 44, 45, 46, 47, 48, 49, 50, 51, 52, 53, 54, 55, 56, 57, 58, 59, 60]
		},
		{
			"name": "gusenica",
			"children": [61, 62, 63, 64, 65, 66, 67, 68]
		},
		{
			"name": "random",
			"children": [69, 70]
		}
	]
}