{
	"credit": "Made with Blockbench",
	"texture_size": [32, 32],
	"textures": {
		"0": "./ushanka",
		"particle": "./ushanka"
	},
	"elements": [
		{
			"from": [3, 8, 3],
			"to": [13, 10, 13],
			"rotation": {"angle": 0, "axis": "y", "origin": [8, 5.075, 8]},
			"faces": {
				"north": {"uv": [5, 0, 10, 1], "texture": "#0"},
				"east": {"uv": [5, 1, 10, 2], "texture": "#0"},
				"south": {"uv": [5, 2, 10, 3], "texture": "#0"},
				"west": {"uv": [5, 3, 10, 4], "texture": "#0"},
				"up": {"uv": [5, 5, 0, 0], "texture": "#0"},
				"down": {"uv": [5, 5, 0, 10], "texture": "#0"}
			}
		},
		{
			"from": [12, 5, 3],
			"to": [13, 8, 13],
			"rotation": {"angle": 0, "axis": "y", "origin": [8, 5.075, 8]},
			"faces": {
				"north": {"uv": [6, 1.5, 6.5, 3], "texture": "#0"},
				"east": {"uv": [0, 0, 5, 1.5], "texture": "#0"},
				"south": {"uv": [6.5, 1.5, 7, 3], "texture": "#0"},
				"west": {"uv": [5, 0, 10, 1.5], "texture": "#0"},
				"up": {"uv": [5.5, 6.5, 5, 1.5], "texture": "#0"},
				"down": {"uv": [6, 1.5, 5.5, 6.5], "texture": "#0"}
			}
		},
		{
			"from": [12.5, 2.5, 5],
			"to": [13.5, 5.5, 11],
			"rotation": {"angle": 0, "axis": "y", "origin": [8, 5.075, 8]},
			"faces": {
				"north": {"uv": [5.5, 7.5, 6, 9], "texture": "#0"},
				"east": {"uv": [0, 3.5, 3, 5], "texture": "#0"},
				"south": {"uv": [6, 6.5, 6.5, 8], "texture": "#0"},
				"west": {"uv": [3, 3.5, 6, 5], "texture": "#0"},
				"up": {"uv": [6.5, 6.5, 6, 3.5], "texture": "#0"},
				"down": {"uv": [5.5, 6.5, 5, 9.5], "texture": "#0"}
			}
		},
		{
			"from": [2.5, 2.5, 5],
			"to": [3.5, 5.5, 11],
			"rotation": {"angle": 0, "axis": "y", "origin": [8, 5.075, 8]},
			"faces": {
				"north": {"uv": [8, 3.5, 8.5, 5], "texture": "#0"},
				"east": {"uv": [5, 6.5, 8, 8], "texture": "#0"},
				"south": {"uv": [8.5, 3.5, 9, 5], "texture": "#0"},
				"west": {"uv": [5, 5, 8, 6.5], "texture": "#0"},
				"up": {"uv": [8.5, 8, 8, 5], "texture": "#0"},
				"down": {"uv": [9, 5, 8.5, 8], "texture": "#0"}
			}
		},
		{
			"from": [12.5, 1.75, 5.5],
			"to": [13.5, 2.5, 10.5],
			"rotation": {"angle": 0, "axis": "y", "origin": [8, 5.075, 8]},
			"faces": {
				"north": {"uv": [4, 3.5, 4.5, 4], "texture": "#0"},
				"east": {"uv": [7, 2, 9.5, 2.5], "texture": "#0"},
				"south": {"uv": [7, 3.5, 7.5, 4], "texture": "#0"},
				"west": {"uv": [6, 5, 8.5, 5.5], "texture": "#0"},
				"up": {"uv": [6.5, 4, 6, 1.5], "texture": "#0"},
				"down": {"uv": [6, 5.5, 5.5, 8], "texture": "#0"}
			}
		},
		{
			"from": [2.5, 1.75, 5.5],
			"to": [3.5, 2.5, 10.5],
			"rotation": {"angle": 0, "axis": "y", "origin": [8, 5.075, 8]},
			"faces": {
				"north": {"uv": [5.5, 5.5, 6, 6], "texture": "#0"},
				"east": {"uv": [7.5, 1.5, 10, 2], "texture": "#0"},
				"south": {"uv": [5, 6, 5.5, 6.5], "texture": "#0"},
				"west": {"uv": [6.5, 3.5, 9, 4], "texture": "#0"},
				"up": {"uv": [7, 7, 6.5, 4.5], "texture": "#0"},
				"down": {"uv": [8, 5, 7.5, 7.5], "texture": "#0"}
			}
		},
		{
			"from": [3, 5, 3],
			"to": [4, 8, 13],
			"rotation": {"angle": 0, "axis": "y", "origin": [8, 5.075, 8]},
			"faces": {
				"north": {"uv": [6.5, 1.5, 7, 3], "texture": "#0"},
				"east": {"uv": [0, 0, 5, 1.5], "texture": "#0"},
				"south": {"uv": [6, 1.5, 6.5, 3], "texture": "#0"},
				"west": {"uv": [5, 0, 10, 1.5], "texture": "#0"},
				"up": {"uv": [5.5, 6.5, 5, 1.5], "texture": "#0"},
				"down": {"uv": [6, 1.5, 5.5, 6.5], "texture": "#0"}
			}
		},
		{
			"from": [4, 5, 12],
			"to": [12, 8, 13],
			"rotation": {"angle": 0, "axis": "y", "origin": [8, 5.075, 8]},
			"faces": {
				"north": {"uv": [5, 2.5, 9, 4], "texture": "#0"},
				"east": {"uv": [5, 6.5, 5.5, 8], "texture": "#0"},
				"south": {"uv": [5, 4, 9, 5.5], "texture": "#0"},
				"west": {"uv": [5.5, 6.5, 6, 8], "texture": "#0"},
				"up": {"uv": [9, 6, 5, 5.5], "texture": "#0"},
				"down": {"uv": [9, 6, 5, 6.5], "texture": "#0"}
			}
		},
		{
			"from": [4, 5, 3],
			"to": [12, 8, 4],
			"rotation": {"angle": 0, "axis": "y", "origin": [8.02353, 6.45588, 2.91176]},
			"faces": {
				"north": {"uv": [5, 4, 9, 5.5], "texture": "#0"},
				"east": {"uv": [5, 8, 5.5, 9.5], "texture": "#0"},
				"south": {"uv": [5, 5.5, 9, 7], "texture": "#0"},
				"west": {"uv": [5.5, 8, 6, 9.5], "texture": "#0"},
				"up": {"uv": [9, 7.5, 5, 7], "texture": "#0"},
				"down": {"uv": [9, 7.5, 5, 8], "texture": "#0"}
			}
		},
		{
			"from": [7.85, 8.95, 2.75],
			"to": [8.1, 9.2, 3],
			"rotation": {"angle": 0, "axis": "y", "origin": [7.97353, 7.40588, 2.91176]},
			"faces": {
				"north": {"uv": [8, 8, 8.5, 8.5], "texture": "#0"},
				"east": {"uv": [8, 8.5, 8.5, 9], "texture": "#0"},
				"south": {"uv": [7, 8, 7.5, 8.5], "texture": "#0"},
				"west": {"uv": [7, 8.5, 7.5, 9], "texture": "#0"},
				"up": {"uv": [6.5, 8.5, 6, 8], "texture": "#0"},
				"down": {"uv": [6.5, 8.5, 6, 9], "texture": "#0"}
			}
		},
		{
			"from": [7.6, 6.7, 2.75],
			"to": [8.35, 8.95, 3],
			"rotation": {"angle": 0, "axis": "y", "origin": [7.97353, 7.40588, 2.91176]},
			"faces": {
				"north": {"uv": [6, 8, 6.5, 9], "texture": "#0"},
				"east": {"uv": [6.5, 8, 7, 9], "texture": "#0"},
				"south": {"uv": [8, 9, 8.5, 10], "texture": "#0"},
				"west": {"uv": [8.5, 9, 9, 10], "texture": "#0"},
				"up": {"uv": [8.5, 8.5, 8, 8], "texture": "#0"},
				"down": {"uv": [8.5, 8.5, 8, 9], "texture": "#0"}
			}
		},
		{
			"from": [7.35, 6.7, 2.75],
			"to": [7.6, 8.45, 3],
			"rotation": {"angle": 0, "axis": "y", "origin": [7.97353, 7.40588, 2.91176]},
			"faces": {
				"north": {"uv": [7.5, 8, 8, 9], "texture": "#0"},
				"east": {"uv": [8.5, 8, 9, 9], "texture": "#0"},
				"south": {"uv": [6.5, 8, 7, 9], "texture": "#0"},
				"west": {"uv": [7, 8, 7.5, 9], "texture": "#0"},
				"up": {"uv": [6.5, 8.5, 6, 8], "texture": "#0"},
				"down": {"uv": [8.5, 8, 8, 8.5], "texture": "#0"}
			}
		},
		{
			"from": [8.35, 6.7, 2.75],
			"to": [8.6, 8.45, 3],
			"rotation": {"angle": 0, "axis": "y", "origin": [7.97353, 7.40588, 2.91176]},
			"faces": {
				"north": {"uv": [7, 8, 7.5, 9], "texture": "#0"},
				"east": {"uv": [8, 8, 8.5, 9], "texture": "#0"},
				"south": {"uv": [6.5, 8, 7, 9], "texture": "#0"},
				"west": {"uv": [6, 8, 6.5, 9], "texture": "#0"},
				"up": {"uv": [8.5, 8.5, 8, 8], "texture": "#0"},
				"down": {"uv": [8.5, 8, 8, 8.5], "texture": "#0"}
			}
		},
		{
			"from": [8.1, 6.45, 2.75],
			"to": [8.6, 6.7, 3],
			"rotation": {"angle": 0, "axis": "y", "origin": [7.97353, 7.40588, 2.91176]},
			"faces": {
				"north": {"uv": [6.5, 8, 7, 8.5], "texture": "#0"},
				"east": {"uv": [6.5, 8.5, 7, 9], "texture": "#0"},
				"south": {"uv": [7, 8, 7.5, 8.5], "texture": "#0"},
				"west": {"uv": [7, 8.5, 7.5, 9], "texture": "#0"},
				"up": {"uv": [6.5, 9, 6, 8.5], "texture": "#0"},
				"down": {"uv": [6.5, 8, 6, 8.5], "texture": "#0"}
			}
		},
		{
			"from": [7.35, 6.45, 2.75],
			"to": [7.85, 6.7, 3],
			"rotation": {"angle": 0, "axis": "y", "origin": [7.97353, 7.40588, 2.91176]},
			"faces": {
				"north": {"uv": [6.5, 8, 7, 8.5], "texture": "#0"},
				"east": {"uv": [6.5, 8.5, 7, 9], "texture": "#0"},
				"south": {"uv": [7, 8, 7.5, 8.5], "texture": "#0"},
				"west": {"uv": [7, 8.5, 7.5, 9], "texture": "#0"},
				"up": {"uv": [6.5, 9, 6, 8.5], "texture": "#0"},
				"down": {"uv": [6.5, 8, 6, 8.5], "texture": "#0"}
			}
		},
		{
			"from": [6.6, 6.2, 2.75],
			"to": [7.35, 6.7, 3],
			"rotation": {"angle": 0, "axis": "y", "origin": [7.97353, 7.40588, 2.91176]},
			"faces": {
				"north": {"uv": [6.5, 8, 7, 8.5], "texture": "#0"},
				"east": {"uv": [6.5, 8.5, 7, 9], "texture": "#0"},
				"south": {"uv": [7, 8, 7.5, 8.5], "texture": "#0"},
				"west": {"uv": [7, 8.5, 7.5, 9], "texture": "#0"},
				"up": {"uv": [6.5, 9, 6, 8.5], "texture": "#0"},
				"down": {"uv": [6.5, 8, 6, 8.5], "texture": "#0"}
			}
		},
		{
			"from": [6.85, 6.7, 2.75],
			"to": [7.35, 7.2, 3],
			"rotation": {"angle": 0, "axis": "y", "origin": [7.97353, 7.40588, 2.91176]},
			"faces": {
				"north": {"uv": [6.5, 8, 7, 8.5], "texture": "#0"},
				"east": {"uv": [6.5, 8.5, 7, 9], "texture": "#0"},
				"south": {"uv": [7, 8, 7.5, 8.5], "texture": "#0"},
				"west": {"uv": [7, 8.5, 7.5, 9], "texture": "#0"},
				"up": {"uv": [6.5, 9, 6, 8.5], "texture": "#0"},
				"down": {"uv": [6.5, 8, 6, 8.5], "texture": "#0"}
			}
		},
		{
			"from": [7.1, 7.2, 2.75],
			"to": [7.35, 8.2, 3],
			"rotation": {"angle": 0, "axis": "y", "origin": [7.97353, 7.40588, 2.91176]},
			"faces": {
				"north": {"uv": [6, 8, 6.5, 8.5], "texture": "#0"},
				"east": {"uv": [6.5, 8, 7, 8.5], "texture": "#0"},
				"south": {"uv": [7, 8, 7.5, 8.5], "texture": "#0"},
				"west": {"uv": [7.5, 8, 8, 8.5], "texture": "#0"},
				"up": {"uv": [9, 8.5, 8.5, 8], "texture": "#0"},
				"down": {"uv": [8.5, 8, 8, 8.5], "texture": "#0"}
			}
		},
		{
			"from": [8.6, 7.2, 2.75],
			"to": [8.85, 8.2, 3],
			"rotation": {"angle": 0, "axis": "y", "origin": [7.97353, 7.40588, 2.91176]},
			"faces": {
				"north": {"uv": [6.5, 8, 7, 8.5], "texture": "#0"},
				"east": {"uv": [6.5, 8.5, 7, 9], "texture": "#0"},
				"south": {"uv": [6, 8, 6.5, 8.5], "texture": "#0"},
				"west": {"uv": [7, 8, 7.5, 8.5], "texture": "#0"},
				"up": {"uv": [6.5, 9, 6, 8.5], "texture": "#0"},
				"down": {"uv": [7.5, 8.5, 7, 9], "texture": "#0"}
			}
		},
		{
			"from": [8.85, 7.45, 2.75],
			"to": [9.1, 7.7, 3],
			"rotation": {"angle": 0, "axis": "y", "origin": [7.97353, 7.40588, 2.91176]},
			"faces": {
				"north": {"uv": [6.5, 8, 7, 8.5], "texture": "#0"},
				"east": {"uv": [6.5, 8.5, 7, 9], "texture": "#0"},
				"south": {"uv": [7, 8, 7.5, 8.5], "texture": "#0"},
				"west": {"uv": [7, 8.5, 7.5, 9], "texture": "#0"},
				"up": {"uv": [6.5, 9, 6, 8.5], "texture": "#0"},
				"down": {"uv": [6.5, 8, 6, 8.5], "texture": "#0"}
			}
		},
		{
			"from": [6.85, 7.45, 2.75],
			"to": [7.1, 7.7, 3],
			"rotation": {"angle": 0, "axis": "y", "origin": [7.97353, 7.40588, 2.91176]},
			"faces": {
				"north": {"uv": [6.5, 8, 7, 8.5], "texture": "#0"},
				"east": {"uv": [6.5, 8.5, 7, 9], "texture": "#0"},
				"south": {"uv": [7, 8, 7.5, 8.5], "texture": "#0"},
				"west": {"uv": [7, 8.5, 7.5, 9], "texture": "#0"},
				"up": {"uv": [6.5, 9, 6, 8.5], "texture": "#0"},
				"down": {"uv": [6.5, 8, 6, 8.5], "texture": "#0"}
			}
		},
		{
			"from": [8.85, 7.7, 2.75],
			"to": [9.35, 8.2, 3],
			"rotation": {"angle": 0, "axis": "y", "origin": [7.97353, 7.40588, 2.91176]},
			"faces": {
				"north": {"uv": [6.5, 8, 7, 8.5], "texture": "#0"},
				"east": {"uv": [6.5, 8.5, 7, 9], "texture": "#0"},
				"south": {"uv": [7, 8, 7.5, 8.5], "texture": "#0"},
				"west": {"uv": [7, 8.5, 7.5, 9], "texture": "#0"},
				"up": {"uv": [6.5, 9, 6, 8.5], "texture": "#0"},
				"down": {"uv": [6.5, 8, 6, 8.5], "texture": "#0"}
			}
		},
		{
			"from": [6.6, 7.7, 2.75],
			"to": [7.1, 8.2, 3],
			"rotation": {"angle": 0, "axis": "y", "origin": [7.97353, 7.40588, 2.91176]},
			"faces": {
				"north": {"uv": [6, 8, 6.5, 8.5], "texture": "#0"},
				"east": {"uv": [6, 8.5, 6.5, 9], "texture": "#0"},
				"south": {"uv": [6.5, 8, 7, 8.5], "texture": "#0"},
				"west": {"uv": [6.5, 8.5, 7, 9], "texture": "#0"},
				"up": {"uv": [7.5, 9, 7, 8.5], "texture": "#0"},
				"down": {"uv": [7.5, 8, 7, 8.5], "texture": "#0"}
			}
		},
		{
			"from": [8.6, 6.2, 2.75],
			"to": [9.35, 6.7, 3],
			"rotation": {"angle": 0, "axis": "y", "origin": [7.97353, 7.40588, 2.91176]},
			"faces": {
				"north": {"uv": [6, 8, 6.5, 8.5], "texture": "#0"},
				"east": {"uv": [6, 8.5, 6.5, 9], "texture": "#0"},
				"south": {"uv": [7, 8.5, 7.5, 9], "texture": "#0"},
				"west": {"uv": [7, 8, 7.5, 8.5], "texture": "#0"},
				"up": {"uv": [7, 8.5, 6.5, 8], "texture": "#0"},
				"down": {"uv": [7, 8.5, 6.5, 9], "texture": "#0"}
			}
		},
		{
			"from": [8.6, 6.7, 2.75],
			"to": [9.1, 7.2, 3],
			"rotation": {"angle": 0, "axis": "y", "origin": [7.97353, 7.40588, 2.91176]},
			"faces": {
				"north": {"uv": [6.5, 8, 7, 8.5], "texture": "#0"},
				"east": {"uv": [6.5, 8.5, 7, 9], "texture": "#0"},
				"south": {"uv": [7, 8, 7.5, 8.5], "texture": "#0"},
				"west": {"uv": [7, 8.5, 7.5, 9], "texture": "#0"},
				"up": {"uv": [6.5, 9, 6, 8.5], "texture": "#0"},
				"down": {"uv": [6.5, 8, 6, 8.5], "texture": "#0"}
			}
		}
	],
	"display": {
		"thirdperson_righthand": {
			"scale": [0.5, 0.5, 0.5]
		},
		"thirdperson_lefthand": {
			"scale": [0.5, 0.5, 0.5]
		},
		"firstperson_righthand": {
			"rotation": [0, 131, 0],
			"translation": [0, 3.25, 0]
		},
		"firstperson_lefthand": {
			"rotation": [0, 131, 0],
			"translation": [0, 2.75, 0]
		},
		"ground": {
			"translation": [0, 4.5, 0]
		},
		"gui": {
			"rotation": [30, -135, 0],
			"translation": [0, 1.5, 0],
			"scale": [0.8, 0.8, 0.8]
		},
		"head": {
			"translation": [0, 6.4, 0],
			"scale": [1.6, 1.6, 1.6]
		}
	},
	"groups": [
		{
			"name": "ushanka",
			"origin": [8, 8, 8],
			"color": 0,
			"children": [
				{
					"name": "Hat",
					"origin": [8, 20.075, 8],
					"color": 0,
					"children": [0, 1, 2, 3, 4, 5, 6, 7, 8]
				},
				{
					"name": "Star",
					"origin": [8, 8, 8],
					"color": 0,
					"children": [9, 10, 11, 12, 13, 14, 15, 16, 17, 18, 19, 20, 21, 22, 23, 24]
				}
			]
		}
	]
}