{"showInSign":false,"bookPaste":"§f%s§0","width":1,"emotes":[{"symbol":""},{"symbol":"","width":2},{"symbol":""},{"symbol":""},{"symbol":""},{"symbol":""},{"symbol":""},{"symbol":""},{"symbol":""},{"symbol":"","width":2},{"symbol":""},{"symbol":""},{"symbol":""},{"symbol":""},{"symbol":""},{"symbol":""},{"symbol":""},{"symbol":""},{"symbol":""},{"symbol":""},{"symbol":""},{"symbol":""},{"symbol":""},{"symbol":""},{"symbol":""},{"symbol":""},{"symbol":""},{"symbol":""},{"symbol":""},{"symbol":""},{"symbol":""},{"symbol":""},{"symbol":""},{"symbol":""},{"symbol":"","width":2},{"symbol":""},{"symbol":""},{"symbol":""},{"symbol":""},{"symbol":""},{"symbol":""},{"symbol":""},{"symbol":""},{"symbol":""},{"symbol":""},{"symbol":""},{"symbol":""},{"symbol":""},{"symbol":""},{"symbol":""},{"symbol":""},{"symbol":""},{"symbol":""},{"symbol":""},{"symbol":""},{"symbol":""},{"symbol":""},{"symbol":""},{"symbol":""},{"symbol":""},{"symbol":""},{"symbol":""},{"symbol":""},{"symbol":""},{"symbol":""},{"symbol":""},{"symbol":""},{"symbol":""},{"symbol":""},{"symbol":""},{"symbol":""},{"symbol":""},{"symbol":""},{"symbol":""},{"symbol":""},{"symbol":""},{"symbol":""},{"symbol":""},{"symbol":""},{"symbol":""},{"symbol":""},{"symbol":""},{"symbol":""},{"symbol":""},{"symbol":""},{"symbol":""},{"symbol":""},{"symbol":""},{"symbol":""},{"symbol":""},{"symbol":""},{"symbol":""},{"symbol":""},{"symbol":""},{"symbol":""},{"symbol":""},{"symbol":""},{"symbol":""},{"symbol":""},{"symbol":""},{"symbol":""},{"symbol":""},{"symbol":""},{"symbol":""},{"symbol":""},{"symbol":""},{"symbol":""},{"symbol":""},{"symbol":""},{"symbol":""},{"symbol":""},{"symbol":""},{"symbol":""},{"symbol":""},{"symbol":""},{"symbol":""},{"symbol":""},{"symbol":""},{"symbol":""},{"symbol":""},{"symbol":"","width":2},{"symbol":""},{"symbol":""},{"symbol":""},{"symbol":""},{"symbol":""},{"symbol":"","width":2},{"symbol":"","width":2},{"symbol":""},{"symbol":""},{"symbol":""},{"symbol":""},{"symbol":""},{"symbol":""},{"symbol":""},{"symbol":""},{"symbol":""},{"symbol":""},{"symbol":""},{"symbol":""},{"symbol":""},{"symbol":""},{"symbol":""},{"symbol":""},{"symbol":""},{"symbol":""},{"symbol":""},{"symbol":""},{"symbol":""},{"symbol":""},{"symbol":""},{"symbol":""},{"symbol":""},{"symbol":""},{"symbol":""},{"symbol":""},{"symbol":""},{"symbol":""},{"symbol":""},{"symbol":""},{"symbol":""},{"symbol":"","width":2},{"symbol":""},{"symbol":""},{"symbol":""},{"symbol":""},{"symbol":""},{"symbol":""},{"symbol":""},{"symbol":""},{"symbol":""},{"symbol":""},{"symbol":""},{"symbol":""},{"symbol":""},{"symbol":""},{"symbol":""},{"symbol":""},{"symbol":""},{"symbol":""},{"symbol":""},{"symbol":""},{"symbol":""},{"symbol":""},{"symbol":""},{"symbol":""},{"symbol":""},{"symbol":""},{"symbol":""},{"symbol":""},{"symbol":""},{"symbol":""},{"symbol":""},{"symbol":""},{"symbol":""},{"symbol":""},{"symbol":""},{"symbol":""},{"symbol":""},{"symbol":""},{"symbol":""},{"symbol":""},{"symbol":""},{"symbol":""},{"symbol":""},{"symbol":""},{"symbol":""},{"symbol":""},{"symbol":""},{"symbol":""},{"symbol":""},{"symbol":"","width":2},{"symbol":""},{"symbol":""},{"symbol":""},{"symbol":""},{"symbol":""},{"symbol":""},{"symbol":""},{"symbol":""},{"symbol":""},{"symbol":""},{"symbol":""},{"symbol":""},{"symbol":""},{"symbol":""},{"symbol":""},{"symbol":""},{"symbol":""},{"symbol":""},{"symbol":""},{"symbol":""},{"symbol":""},{"symbol":""},{"symbol":""},{"symbol":""},{"symbol":""},{"symbol":""},{"symbol":""},{"symbol":""},{"symbol":""},{"symbol":""},{"symbol":""},{"symbol":""},{"symbol":""},{"symbol":""},{"symbol":""},{"symbol":""},{"symbol":""},{"symbol":""},{"symbol":""},{"symbol":""},{"symbol":""},{"symbol":"","width":3},{"symbol":"","width":3},{"symbol":""},{"symbol":""},{"symbol":""}]}