{
	"credit": "Made with Blockbench",
	"texture_size": [32, 32],
	"textures": {
		"0": "./nether_star",
		"particle": "./nether_star"
	},
	"elements": [
		{
			"from": [8, 0, 1.5],
			"to": [8, 16, 14.5],
			"faces": {
				"north": {"uv": [0, 0, 0, 8], "texture": "#0"},
				"east": {"uv": [14, 0, 7.5, 8], "texture": "#0"},
				"south": {"uv": [0, 0, 0, 8], "texture": "#0"},
				"west": {"uv": [7.5, 0, 14, 8], "texture": "#0"},
				"up": {"uv": [0, 7, 0, 0], "texture": "#0"},
				"down": {"uv": [0, 0, 0, 7], "texture": "#0"}
			}
		},
		{
			"from": [1.5, 0, 8],
			"to": [14.5, 16, 8],
			"rotation": {"angle": 0, "axis": "y", "origin": [11, 8, 8]},
			"faces": {
				"north": {"uv": [7.5, 0, 14, 8], "texture": "#0"},
				"east": {"uv": [0, 0, 0, 8], "texture": "#0"},
				"south": {"uv": [14, 0, 7.5, 8], "texture": "#0"},
				"west": {"uv": [0, 0, 0, 8], "texture": "#0"},
				"up": {"uv": [0, 7, 0, 0], "rotation": 90, "texture": "#0"},
				"down": {"uv": [0, 0, 0, 7], "rotation": 270, "texture": "#0"}
			}
		}
	],
	"display": {
		"thirdperson_righthand": {
			"translation": [0, 0.75, 0],
			"scale": [0.36, 0.36, 0.36]
		},
		"thirdperson_lefthand": {
			"translation": [0, 0.75, 0],
			"scale": [0.36, 0.36, 0.36]
		},
		"firstperson_righthand": {
			"translation": [3, 3, 0],
			"scale": [0.54, 0.54, 0.54]
		},
		"firstperson_lefthand": {
			"translation": [3, 3, 0],
			"scale": [0.54, 0.54, 0.54]
		},
		"ground": {
			"scale": [0.34, 0.34, 0.34]
		},
		"gui": {
			"scale": [0.8, 0.8, 0.8]
		},
		"head": {
			"translation": [0, 14.25, 0]
		},
		"fixed": {
			"rotation": [-90, 0, 0],
			"translation": [0, 0, -15.25],
			"scale": [2.14, 2.14, 2.14]
		}
	}
}