{
	"credit": "Made with Blockbench",
	"texture_size": [32, 32],
	"textures": {
		"1": "./light_gray_present"
	},
	"elements": [
		{
			"from": [3.5, 6, 3.5],
			"to": [12.5, 8, 12.5],
			"rotation": {"angle": 0, "axis": "y", "origin": [8, 8, 7]},
			"faces": {
				"north": {"uv": [8, 6, 12, 7], "texture": "#1"},
				"east": {"uv": [8, 7, 12, 8], "texture": "#1"},
				"south": {"uv": [8, 8, 12, 9], "texture": "#1"},
				"west": {"uv": [8, 9, 12, 10], "texture": "#1"},
				"up": {"uv": [8, 4, 4, 0], "texture": "#1"},
				"down": {"uv": [8, 4, 4, 8], "texture": "#1"}
			}
		},
		{
			"from": [4, 0, 4],
			"to": [12, 6, 12],
			"faces": {
				"north": {"uv": [0, 8, 4, 11], "texture": "#1"},
				"east": {"uv": [8, 0, 12, 3], "texture": "#1"},
				"south": {"uv": [8, 3, 12, 6], "texture": "#1"},
				"west": {"uv": [4, 8, 8, 11], "texture": "#1"},
				"up": {"uv": [4, 4, 0, 0], "texture": "#1"},
				"down": {"uv": [4, 4, 0, 8], "texture": "#1"}
			}
		},
		{
			"from": [3.49, -0.01, 3.49],
			"to": [12.51, 8.01, 12.51],
			"faces": {
				"north": {"uv": [0, 0, 4, 3], "texture": "#1"},
				"east": {"uv": [0, 0, 4, 3], "texture": "#1"},
				"south": {"uv": [0, 0, 4, 3], "texture": "#1"},
				"west": {"uv": [0, 0, 4, 3], "texture": "#1"},
				"up": {"uv": [8, 16, 4, 12], "texture": "#1"},
				"down": {"uv": [8, 12, 4, 16], "texture": "#1"}
			}
		},
		{
			"from": [8, 8, 7],
			"to": [12, 10, 9],
			"rotation": {"angle": 22.5, "axis": "z", "origin": [9, 8.5, 8]},
			"faces": {
				"north": {"uv": [8, 11.5, 10, 12], "texture": "#1"},
				"east": {"uv": [2, 12, 3, 13], "texture": "#1"},
				"south": {"uv": [10, 11.5, 12, 12], "texture": "#1"},
				"west": {"uv": [2, 11, 3, 12], "texture": "#1"},
				"up": {"uv": [2, 12, 0, 11], "texture": "#1"},
				"down": {"uv": [5, 11, 3, 12], "texture": "#1"}
			}
		},
		{
			"from": [18.35, 7.95, 9],
			"to": [14.35, 5.95, 7],
			"rotation": {"angle": 22.5, "axis": "z", "origin": [7, -8.5, 8]},
			"faces": {
				"north": {"uv": [8, 11.5, 10, 12], "texture": "#1"},
				"east": {"uv": [2, 12, 3, 13], "texture": "#1"},
				"south": {"uv": [10, 11.5, 12, 12], "texture": "#1"},
				"west": {"uv": [2, 11, 3, 12], "texture": "#1"},
				"up": {"uv": [2, 12, 0, 11], "texture": "#1"},
				"down": {"uv": [5, 11, 3, 12], "texture": "#1"}
			}
		},
		{
			"from": [7, 8, 8],
			"to": [9, 10, 12],
			"rotation": {"angle": -22.5, "axis": "x", "origin": [8, 8.5, 9]},
			"faces": {
				"north": {"uv": [2, 11, 3, 12], "texture": "#1"},
				"east": {"uv": [12, 0.5, 14, 1], "texture": "#1"},
				"south": {"uv": [2, 12, 3, 13], "texture": "#1"},
				"west": {"uv": [12, 1, 14, 1.5], "texture": "#1"},
				"up": {"uv": [2, 12, 0, 11], "rotation": 90, "texture": "#1"},
				"down": {"uv": [3, 12, 5, 11], "rotation": 90, "texture": "#1"}
			}
		},
		{
			"from": [4, 8, 7],
			"to": [8, 10, 9],
			"rotation": {"angle": -22.5, "axis": "z", "origin": [7, 8.5, 8]},
			"faces": {
				"north": {"uv": [8, 11, 10, 11.5], "texture": "#1"},
				"east": {"uv": [2, 11, 3, 12], "texture": "#1"},
				"south": {"uv": [10, 11, 12, 11.5], "texture": "#1"},
				"west": {"uv": [2, 12, 3, 13], "texture": "#1"},
				"up": {"uv": [2, 12, 0, 11], "texture": "#1"},
				"down": {"uv": [5, 11, 3, 12], "texture": "#1"}
			}
		},
		{
			"from": [1.65, 7.95, 9],
			"to": [-2.35, 5.95, 7],
			"rotation": {"angle": -22.5, "axis": "z", "origin": [9, -8.5, 8]},
			"faces": {
				"north": {"uv": [8, 11, 10, 11.5], "texture": "#1"},
				"east": {"uv": [2, 11, 3, 12], "texture": "#1"},
				"south": {"uv": [10, 11, 12, 11.5], "texture": "#1"},
				"west": {"uv": [2, 12, 3, 13], "texture": "#1"},
				"up": {"uv": [2, 12, 0, 11], "texture": "#1"},
				"down": {"uv": [5, 11, 3, 12], "texture": "#1"}
			}
		},
		{
			"from": [7, 8, 4],
			"to": [9, 10, 8],
			"rotation": {"angle": 22.5, "axis": "x", "origin": [8, 8.5, 7]},
			"faces": {
				"north": {"uv": [2, 12, 3, 13], "texture": "#1"},
				"east": {"uv": [0, 12, 2, 12.5], "texture": "#1"},
				"south": {"uv": [2, 11, 3, 12], "texture": "#1"},
				"west": {"uv": [12, 0, 14, 0.5], "texture": "#1"},
				"up": {"uv": [2, 12, 0, 11], "rotation": 90, "texture": "#1"},
				"down": {"uv": [3, 12, 5, 11], "rotation": 90, "texture": "#1"}
			}
		},
		{
			"from": [9, 7.95, 1.65],
			"to": [7, 5.95, -2.35],
			"rotation": {"angle": 22.5, "axis": "x", "origin": [8, -8.5, 9]},
			"faces": {
				"north": {"uv": [2, 12, 3, 13], "texture": "#1"},
				"east": {"uv": [0, 12, 2, 12.5], "texture": "#1"},
				"south": {"uv": [2, 11, 3, 12], "texture": "#1"},
				"west": {"uv": [12, 0, 14, 0.5], "texture": "#1"},
				"up": {"uv": [2, 12, 0, 11], "rotation": 90, "texture": "#1"},
				"down": {"uv": [3, 12, 5, 11], "rotation": 90, "texture": "#1"}
			}
		},
		{
			"from": [9, 7.95, 18.35],
			"to": [7, 5.95, 14.35],
			"rotation": {"angle": -22.5, "axis": "x", "origin": [8, -8.5, 7]},
			"faces": {
				"north": {"uv": [2, 11, 3, 12], "texture": "#1"},
				"east": {"uv": [12, 0.5, 14, 1], "texture": "#1"},
				"south": {"uv": [2, 12, 3, 13], "texture": "#1"},
				"west": {"uv": [12, 1, 14, 1.5], "texture": "#1"},
				"up": {"uv": [2, 12, 0, 11], "rotation": 90, "texture": "#1"},
				"down": {"uv": [3, 12, 5, 11], "rotation": 90, "texture": "#1"}
			}
		}
	],
	"display": {
		"thirdperson_righthand": {
			"rotation": [75, 45, 0],
			"translation": [0, 2.5, 1.75],
			"scale": [0.375, 0.375, 0.375]
		},
		"thirdperson_lefthand": {
			"rotation": [75, 45, 0],
			"translation": [0, 2.5, 1.75],
			"scale": [0.375, 0.375, 0.375]
		},
		"firstperson_righthand": {
			"rotation": [0, 180, 0],
			"translation": [1, 4.5, 0],
			"scale": [0.6, 0.6, 0.6]
		},
		"firstperson_lefthand": {
			"rotation": [0, 225, 0],
			"translation": [1, 4.5, 0],
			"scale": [0.6, 0.6, 0.6]
		},
		"ground": {
			"translation": [0, 3, 0],
			"scale": [0.6, 0.6, 0.6]
		},
		"gui": {
			"rotation": [30, 225, 0],
			"translation": [0, 1.75, 0],
			"scale": [0.8, 0.8, 0.8]
		},
		"fixed": {
			"rotation": [-90.25, 0, 0],
			"translation": [0, 0, -16.25],
			"scale": [2, 2, 2]
		}
	},
	"groups": [
		{
			"name": "body",
			"origin": [8, 8, 8],
			"color": 0,
			"children": [0, 1, 2]
		},
		{
			"name": "bant",
			"origin": [8, 8, 8],
			"color": 0,
			"children": [3, 4, 5, 6, 7, 8, 9, 10]
		}
	]
}