{
	"credit": "Made with Blockbench",
	"texture_size": [32, 32],
	"textures": {
		"0": "./snowball",
		"particle": "./snowball"
	},
	"elements": [
		{
			"from": [4, 0, 4],
			"to": [12, 1, 12],
			"faces": {
				"north": {"uv": [0, 0.5, 8, 2.5], "texture": "#0"},
				"east": {"uv": [0, 0, 8, 2], "texture": "#0"},
				"south": {"uv": [0, 0.5, 8, 2.5], "texture": "#0"},
				"west": {"uv": [0, 0.5, 8, 2.475], "texture": "#0"},
				"up": {"uv": [8, 8, 0, 0], "texture": "#0"},
				"down": {"uv": [8, 0, 0, 8], "texture": "#0"}
			}
		},
		{
			"from": [5, 1, 5],
			"to": [11, 7, 11],
			"faces": {
				"north": {"uv": [0, 8, 8, 16], "texture": "#0"},
				"east": {"uv": [0, 8, 8, 16], "texture": "#0"},
				"south": {"uv": [0, 8, 8, 16], "texture": "#0"},
				"west": {"uv": [0, 8, 8, 16], "texture": "#0"},
				"up": {"uv": [8, 16, 0, 8], "texture": "#0"},
				"down": {"uv": [8, 8, 0, 16], "texture": "#0"}
			}
		},
		{
			"from": [5.01, 0.1, 5.01],
			"to": [10.99, 1.1, 10.99],
			"faces": {
				"north": {"uv": [11, 5, 14, 5.5], "texture": "#0"},
				"east": {"uv": [11, 6, 14, 6.5], "texture": "#0"},
				"south": {"uv": [11, 6.5, 14, 7], "texture": "#0"},
				"west": {"uv": [11, 7, 14, 7.5], "texture": "#0"},
				"up": {"uv": [14, 7.5, 11, 4.5], "texture": "#0"},
				"down": {"uv": [14, 4.5, 11, 7.5], "texture": "#0"}
			}
		},
		{
			"from": [7, 1, 6.25],
			"to": [7.5, 2.5, 9.75],
			"faces": {
				"north": {"uv": [12.5, 3, 13, 4.5], "texture": "#0"},
				"east": {"uv": [11, 3, 14.5, 4.5], "texture": "#0"},
				"south": {"uv": [11, 3, 11.5, 4.5], "texture": "#0"},
				"west": {"uv": [13, 3, 11, 4.5], "texture": "#0"},
				"up": {"uv": [12.5, 3, 12, 1.85], "texture": "#0"},
				"down": {"uv": [7, 5, 3.5, 5.5], "texture": "#0"}
			}
		},
		{
			"from": [7, 2.5, 5.75],
			"to": [7.5, 4.5, 9.25],
			"faces": {
				"north": {"uv": [15, 1, 15.5, 2.5], "texture": "#0"},
				"east": {"uv": [11.5, 1, 15, 3], "texture": "#0"},
				"south": {"uv": [12.5, 2.5, 13, 4], "texture": "#0"},
				"west": {"uv": [12, 1, 15.5, 2], "texture": "#0"},
				"up": {"uv": [15.5, 1.5, 12, 0.975], "texture": "#0"},
				"down": {"uv": [15.5, 1.5, 12, 2], "texture": "#0"}
			}
		},
		{
			"from": [7, 2, 5.75],
			"to": [7.5, 2.5, 6.25],
			"faces": {
				"north": {"uv": [15, 3, 15.5, 3.5], "texture": "#0"},
				"east": {"uv": [15, 3, 15.5, 3.5], "texture": "#0"},
				"south": {"uv": [15, 3, 15.5, 3.5], "texture": "#0"},
				"west": {"uv": [15, 2.5, 15.5, 3], "texture": "#0"},
				"up": {"uv": [15.5, 3.5, 15, 3], "texture": "#0"},
				"down": {"uv": [15.5, 3, 15, 3.5], "texture": "#0"}
			}
		},
		{
			"from": [7, 2.5, 10.25],
			"to": [7.5, 3, 10.75],
			"faces": {
				"north": {"uv": [10, 2.5, 10.5, 3], "texture": "#0"},
				"east": {"uv": [10, 2.5, 10.5, 3], "texture": "#0"},
				"south": {"uv": [10, 2.5, 10.5, 3], "texture": "#0"},
				"west": {"uv": [10, 2.5, 10.5, 3], "texture": "#0"},
				"up": {"uv": [10.5, 3, 10, 2.5], "texture": "#0"},
				"down": {"uv": [10.5, 2.5, 10, 3], "texture": "#0"}
			}
		},
		{
			"from": [7, 4, 9.25],
			"to": [7.5, 4.5, 9.75],
			"faces": {
				"north": {"uv": [11.5, 1, 12, 1.5], "texture": "#0"},
				"east": {"uv": [11.5, 0.5, 12, 1], "texture": "#0"},
				"south": {"uv": [11.5, 1, 12, 1.5], "texture": "#0"},
				"west": {"uv": [11.5, 1, 12, 1.5], "texture": "#0"},
				"up": {"uv": [12, 1.5, 11.5, 1], "texture": "#0"},
				"down": {"uv": [12, 1, 11.5, 1.5], "texture": "#0"}
			}
		},
		{
			"from": [7, 4.5, 6.25],
			"to": [7.5, 5, 9.75],
			"faces": {
				"north": {"uv": [11.5, 0.5, 12, 1], "texture": "#0"},
				"east": {"uv": [11, 0.5, 11.5, 1], "texture": "#0"},
				"south": {"uv": [11.5, 0.5, 12, 1], "texture": "#0"},
				"west": {"uv": [11.5, 0.5, 12, 1], "texture": "#0"},
				"up": {"uv": [12, 1, 11.5, 0.5], "texture": "#0"},
				"down": {"uv": [12, 0.5, 11.5, 1], "texture": "#0"}
			}
		},
		{
			"from": [7, 5, 6.75],
			"to": [7.5, 5.5, 9.25],
			"faces": {
				"north": {"uv": [11.5, 0, 12, 0.5], "texture": "#0"},
				"east": {"uv": [11, 0.5, 11.5, 1], "texture": "#0"},
				"south": {"uv": [11.5, 0.5, 12, 1], "texture": "#0"},
				"west": {"uv": [11.5, 0, 12, 0.5], "texture": "#0"},
				"up": {"uv": [12, 1, 11.5, 0.5], "texture": "#0"},
				"down": {"uv": [12, 0, 11.5, 0.5], "texture": "#0"}
			}
		},
		{
			"from": [7, 3, 9.25],
			"to": [7.5, 4, 10.25],
			"faces": {
				"north": {"uv": [10.5, 1.5, 11.5, 2.5], "texture": "#0"},
				"east": {"uv": [10.5, 1.5, 11.5, 2.5], "texture": "#0"},
				"south": {"uv": [10.5, 1.5, 11, 2.5], "texture": "#0"},
				"west": {"uv": [11.5, 1.5, 10.5, 2.5], "texture": "#0"},
				"up": {"uv": [11.5, 2, 10.5, 1.5], "texture": "#0"},
				"down": {"uv": [12.5, 0.5, 12, 1.5], "texture": "#0"}
			}
		},
		{
			"from": [7, 3, 5.25],
			"to": [7.5, 4, 5.75],
			"faces": {
				"north": {"uv": [15, 2, 15.5, 3], "texture": "#0"},
				"east": {"uv": [15, 2, 15.5, 3], "texture": "#0"},
				"south": {"uv": [15, 2, 15.5, 3], "texture": "#0"},
				"west": {"uv": [15.5, 2, 15, 3], "texture": "#0"},
				"up": {"uv": [15.5, 3, 14.5, 2.5], "texture": "#0"},
				"down": {"uv": [15.5, 2.5, 14.5, 3], "texture": "#0"}
			}
		},
		{
			"from": [6.4, 1, 5],
			"to": [6.4, 7, 11],
			"faces": {
				"north": {"uv": [0, 0, 0, 3], "texture": "#0"},
				"east": {"uv": [8, 8, 16, 16], "texture": "#0"},
				"south": {"uv": [0, 0, 0, 3], "texture": "#0"},
				"west": {"uv": [8, 8, 16, 16], "texture": "#0"},
				"up": {"uv": [0, 3, 0, 0], "texture": "#0"},
				"down": {"uv": [0, 0, 0, 3], "texture": "#0"}
			}
		}
	],
	"display": {
		"thirdperson_righthand": {
			"translation": [0, 4, 0],
			"scale": [0.5, 0.5, 0.5]
		},
		"thirdperson_lefthand": {
			"translation": [0, 4, 0],
			"scale": [0.5, 0.5, 0.5]
		},
		"firstperson_righthand": {
			"rotation": [0, -120, 0],
			"translation": [0, 7.25, 0]
		},
		"firstperson_lefthand": {
			"rotation": [0, 79, 0],
			"translation": [0, 7.25, 0]
		},
		"ground": {
			"translation": [0, 4.25, 0],
			"scale": [0.76, 0.76, 0.76]
		},
		"gui": {
			"rotation": [28, -56, 0],
			"translation": [0, 5.25, 0],
			"scale": [1.22, 1.22, 1.22]
		},
		"head": {
			"rotation": [0, 90, 0],
			"translation": [0, 14.25, 0]
		},
		"fixed": {
			"rotation": [-90, 90, 0],
			"translation": [0, 0, -19.5],
			"scale": [2.5, 2.5, 2.5]
		}
	},
	"groups": [
		{
			"name": "platform",
			"origin": [8, 8, 8],
			"color": 0,
			"children": [0, 1, 2]
		},
		{
			"name": "ppL",
			"origin": [8, 8, 8],
			"color": 0,
			"children": [3, 4, 5, 6, 7, 8, 9, 10, 11]
		},
		{
			"name": "snow",
			"origin": [8, 8, 8],
			"color": 0,
			"children": [12]
		}
	]
}