{
	"credit": "Made with Blockbench",
	"texture_size": [32, 32],
	"textures": {
		"1": "./elf_hat"
	},
	"elements": [
		{
			"from": [4, 0, 4],
			"to": [12, 3, 12],
			"faces": {
				"north": {"uv": [10.5, 9.5, 15, 11], "texture": "#1"},
				"east": {"uv": [10.5, 10.5, 15, 12], "texture": "#1"},
				"south": {"uv": [10.5, 10, 15, 11.5], "texture": "#1"},
				"west": {"uv": [10.5, 9, 15, 10.5], "texture": "#1"},
				"up": {"uv": [4.5, 9, 0, 4.5], "texture": "#1"},
				"down": {"uv": [4.5, 4.5, 0, 9], "texture": "#1"}
			}
		},
		{
			"from": [4.5, 3, 4.5],
			"to": [11.5, 6, 11.5],
			"faces": {
				"north": {"uv": [11.5, 1.5, 15.5, 3], "texture": "#1"},
				"east": {"uv": [7.5, 12, 11.5, 13.5], "texture": "#1"},
				"south": {"uv": [11.5, 4.5, 15.5, 6], "texture": "#1"},
				"west": {"uv": [11.5, 3, 15.5, 4.5], "texture": "#1"},
				"up": {"uv": [8.5, 4, 4.5, 0], "texture": "#1"},
				"down": {"uv": [8.5, 4, 4.5, 8], "texture": "#1"}
			}
		},
		{
			"from": [5, 4, 9],
			"to": [11, 9, 14],
			"rotation": {"angle": 45, "axis": "x", "origin": [8, 9.5, 9]},
			"faces": {
				"north": {"uv": [4.5, 8, 7.5, 11], "texture": "#1"},
				"east": {"uv": [8.5, 0, 11.5, 3], "texture": "#1"},
				"south": {"uv": [7.5, 8, 10.5, 11], "texture": "#1"},
				"west": {"uv": [8.5, 3, 11.5, 6], "texture": "#1"},
				"up": {"uv": [3, 12, 0, 9], "texture": "#1"},
				"down": {"uv": [13.5, 6, 10.5, 9], "texture": "#1"}
			}
		},
		{
			"from": [5.5, 5.5, 10],
			"to": [10.5, 9.5, 14],
			"rotation": {"angle": -22.5, "axis": "x", "origin": [7.5, 6, 12]},
			"faces": {
				"north": {"uv": [2, 12.5, 4, 14.5], "texture": "#1"},
				"east": {"uv": [6, 13.5, 8, 15.5], "texture": "#1"},
				"south": {"uv": [4, 12.5, 6, 14.5], "texture": "#1"},
				"west": {"uv": [0, 12, 2, 14], "texture": "#1"},
				"up": {"uv": [10.5, 8, 8.5, 6], "texture": "#1"},
				"down": {"uv": [13.5, 12, 11.5, 14.375], "texture": "#1"}
			}
		},
		{
			"from": [6.5, 4, 12],
			"to": [9.5, 7, 15],
			"faces": {
				"north": {"uv": [8.5, 10, 9.5, 11], "texture": "#1"},
				"east": {"uv": [9.5, 10, 10.5, 11], "texture": "#1"},
				"south": {"uv": [7.5, 10, 8.5, 11], "texture": "#1"},
				"west": {"uv": [9.5, 11, 10.5, 12], "texture": "#1"},
				"up": {"uv": [8.5, 12, 7.5, 11], "texture": "#1"},
				"down": {"uv": [9.5, 11, 8.5, 12], "texture": "#1"}
			}
		}
	],
	"display": {
		"thirdperson_righthand": {
			"translation": [0, 4, 0],
			"scale": [0.6, 0.6, 0.6]
		},
		"thirdperson_lefthand": {
			"translation": [0, 4, 0],
			"scale": [0.6, 0.6, 0.6]
		},
		"firstperson_righthand": {
			"rotation": [0, 94, 0],
			"translation": [1.25, 6, 0],
			"scale": [0.58, 0.58, 0.58]
		},
		"firstperson_lefthand": {
			"rotation": [0, 94, 0],
			"translation": [1.25, 6, 0],
			"scale": [0.58, 0.58, 0.58]
		},
		"ground": {
			"translation": [0, 3, 0],
			"scale": [0.64, 0.64, 0.64]
		},
		"gui": {
			"rotation": [50, -120, 0],
			"translation": [0.5, 2.75, 0]
		},
		"head": {
			"translation": [0, 17.25, 0],
			"scale": [1.9, 1.9, 1.9]
		},
		"fixed": {
			"rotation": [-90, 0, 0],
			"translation": [0, 0, -11.25],
			"scale": [1.6, 1.6, 1.6]
		}
	}
}