{
	"credit": "Made with Blockbench",
	"texture_size": [64, 64],
	"textures": {
		"0": "./turkey",
		"particle": "./turkey"
	},
	"elements": [
		{
			"from": [3, 5, 3.5],
			"to": [13, 17, 12.5],
			"faces": {
				"north": {"uv": [0, 0, 2.5, 3], "texture": "#0"},
				"east": {"uv": [0, 3, 2.25, 6], "texture": "#0"},
				"south": {"uv": [2.5, 0, 5, 3], "texture": "#0"},
				"west": {"uv": [2.25, 3, 4.5, 6], "texture": "#0"},
				"up": {"uv": [7, 5.25, 4.5, 3], "texture": "#0"},
				"down": {"uv": [7.5, 0, 5, 2.25], "texture": "#0"}
			}
		},
		{
			"from": [13, 5, 6.5],
			"to": [16, 10, 10.5],
			"rotation": {"angle": 45, "axis": "x", "origin": [14, 9.5, 7.5]},
			"faces": {
				"north": {"uv": [7.5, 0, 8.25, 1.25], "texture": "#0"},
				"east": {"uv": [6, 5.25, 7, 6.5], "texture": "#0"},
				"south": {"uv": [7.5, 4.75, 8.25, 6], "texture": "#0"},
				"west": {"uv": [6, 6.5, 7, 7.75], "texture": "#0"},
				"up": {"uv": [8.25, 2.25, 7.5, 1.25], "texture": "#0"},
				"down": {"uv": [6.25, 7.75, 5.5, 8.75], "texture": "#0"}
			}
		},
		{
			"from": [13.5, 2, 7.5],
			"to": [15.5, 5, 9.5],
			"rotation": {"angle": 45, "axis": "x", "origin": [14, 9.5, 7.5]},
			"faces": {
				"north": {"uv": [5, 2.25, 5.5, 3], "texture": "#0"},
				"east": {"uv": [5.5, 2.25, 6, 3], "texture": "#0"},
				"south": {"uv": [6, 2.25, 6.5, 3], "texture": "#0"},
				"west": {"uv": [6.5, 2.25, 7, 3], "texture": "#0"},
				"up": {"uv": [6, 7.75, 5.5, 7.25], "texture": "#0"},
				"down": {"uv": [4.25, 8, 3.75, 8.5], "texture": "#0"}
			}
		},
		{
			"from": [12.75, 1, 6.75],
			"to": [14.25, 2.5, 8.25],
			"rotation": {"angle": 45, "axis": "x", "origin": [14, 9.5, 7.5]},
			"faces": {
				"north": {"uv": [8, 3.75, 8.5, 4.25], "texture": "#0"},
				"east": {"uv": [8, 4.25, 8.5, 4.75], "texture": "#0"},
				"south": {"uv": [8.25, 0, 8.75, 0.5], "texture": "#0"},
				"west": {"uv": [8.25, 0.5, 8.75, 1], "texture": "#0"},
				"up": {"uv": [8.75, 1.5, 8.25, 1], "texture": "#0"},
				"down": {"uv": [8.75, 1.5, 8.25, 2], "texture": "#0"}
			}
		},
		{
			"from": [14.75, 1, 6.75],
			"to": [16.25, 2.5, 8.25],
			"rotation": {"angle": 45, "axis": "x", "origin": [14, 9.5, 7.5]},
			"faces": {
				"north": {"uv": [8.25, 4.75, 8.75, 5.25], "texture": "#0"},
				"east": {"uv": [8.25, 5.25, 8.75, 5.75], "texture": "#0"},
				"south": {"uv": [8.25, 5.75, 8.75, 6.25], "texture": "#0"},
				"west": {"uv": [8.25, 6.25, 8.75, 6.75], "texture": "#0"},
				"up": {"uv": [8.75, 7.25, 8.25, 6.75], "texture": "#0"},
				"down": {"uv": [8.75, 7.25, 8.25, 7.75], "texture": "#0"}
			}
		},
		{
			"from": [13.75, 1, 8.75],
			"to": [15.25, 2.5, 10.25],
			"rotation": {"angle": 45, "axis": "x", "origin": [14, 9.5, 7.5]},
			"faces": {
				"north": {"uv": [8.25, 7.75, 8.75, 8.25], "texture": "#0"},
				"east": {"uv": [8.25, 8.25, 8.75, 8.75], "texture": "#0"},
				"south": {"uv": [8.5, 2, 9, 2.5], "texture": "#0"},
				"west": {"uv": [8.5, 2.5, 9, 3], "texture": "#0"},
				"up": {"uv": [9, 3.5, 8.5, 3], "texture": "#0"},
				"down": {"uv": [9, 3.5, 8.5, 4], "texture": "#0"}
			}
		},
		{
			"from": [0, 5, 6.5],
			"to": [3, 10, 10.5],
			"rotation": {"angle": 45, "axis": "x", "origin": [14, 9.5, 7.5]},
			"faces": {
				"north": {"uv": [7.5, 6, 8.25, 7.25], "texture": "#0"},
				"east": {"uv": [7, 2.25, 8, 3.5], "texture": "#0"},
				"south": {"uv": [7.5, 7.25, 8.25, 8.5], "texture": "#0"},
				"west": {"uv": [7, 3.5, 8, 4.75], "texture": "#0"},
				"up": {"uv": [7, 8.75, 6.25, 7.75], "texture": "#0"},
				"down": {"uv": [0.75, 8, 0, 9], "texture": "#0"}
			}
		},
		{
			"from": [0.5, 2, 7.5],
			"to": [2.5, 5, 9.5],
			"rotation": {"angle": 45, "axis": "x", "origin": [14, 9.5, 7.5]},
			"faces": {
				"north": {"uv": [8, 2.25, 8.5, 3], "texture": "#0"},
				"east": {"uv": [2.75, 8, 3.25, 8.75], "texture": "#0"},
				"south": {"uv": [8, 3, 8.5, 3.75], "texture": "#0"},
				"west": {"uv": [3.25, 8, 3.75, 8.75], "texture": "#0"},
				"up": {"uv": [4.25, 9, 3.75, 8.5], "texture": "#0"},
				"down": {"uv": [9, 4, 8.5, 4.5], "texture": "#0"}
			}
		},
		{
			"from": [-0.25, 1, 6.75],
			"to": [1.25, 2.5, 8.25],
			"rotation": {"angle": 45, "axis": "x", "origin": [14, 9.5, 7.5]},
			"faces": {
				"north": {"uv": [7.5, 8.5, 8, 9], "texture": "#0"},
				"east": {"uv": [8.75, 0, 9.25, 0.5], "texture": "#0"},
				"south": {"uv": [8.75, 0.5, 9.25, 1], "texture": "#0"},
				"west": {"uv": [8.75, 1, 9.25, 1.5], "texture": "#0"},
				"up": {"uv": [9.25, 2, 8.75, 1.5], "texture": "#0"},
				"down": {"uv": [3.25, 8.75, 2.75, 9.25], "texture": "#0"}
			}
		},
		{
			"from": [1.75, 1, 6.75],
			"to": [3.25, 2.5, 8.25],
			"rotation": {"angle": 45, "axis": "x", "origin": [14, 9.5, 7.5]},
			"faces": {
				"north": {"uv": [3.25, 8.75, 3.75, 9.25], "texture": "#0"},
				"east": {"uv": [8.75, 4.5, 9.25, 5], "texture": "#0"},
				"south": {"uv": [8.75, 5, 9.25, 5.5], "texture": "#0"},
				"west": {"uv": [5.5, 8.75, 6, 9.25], "texture": "#0"},
				"up": {"uv": [9.25, 6, 8.75, 5.5], "texture": "#0"},
				"down": {"uv": [6.5, 8.75, 6, 9.25], "texture": "#0"}
			}
		},
		{
			"from": [0.75, 1, 8.75],
			"to": [2.25, 2.5, 10.25],
			"rotation": {"angle": 45, "axis": "x", "origin": [14, 9.5, 7.5]},
			"faces": {
				"north": {"uv": [8.75, 6, 9.25, 6.5], "texture": "#0"},
				"east": {"uv": [6.5, 8.75, 7, 9.25], "texture": "#0"},
				"south": {"uv": [8.75, 6.5, 9.25, 7], "texture": "#0"},
				"west": {"uv": [7, 8.75, 7.5, 9.25], "texture": "#0"},
				"up": {"uv": [9.25, 7.5, 8.75, 7], "texture": "#0"},
				"down": {"uv": [9.25, 7.5, 8.75, 8], "texture": "#0"}
			}
		},
		{
			"from": [12, 8.5, 5],
			"to": [14, 16.5, 11],
			"rotation": {"angle": 45, "axis": "z", "origin": [14, 15, 8]},
			"faces": {
				"north": {"uv": [7, 4.75, 7.5, 6.75], "texture": "#0"},
				"east": {"uv": [4.5, 5.25, 6, 7.25], "texture": "#0"},
				"south": {"uv": [7, 6.75, 7.5, 8.75], "texture": "#0"},
				"west": {"uv": [0, 6, 1.5, 8], "texture": "#0"},
				"up": {"uv": [1.25, 9.5, 0.75, 8], "texture": "#0"},
				"down": {"uv": [1.75, 8, 1.25, 9.5], "texture": "#0"}
			}
		},
		{
			"from": [2, 8.5, 5],
			"to": [4, 16.5, 11],
			"rotation": {"angle": -45, "axis": "z", "origin": [2, 15, 8]},
			"faces": {
				"north": {"uv": [4.5, 7.25, 5, 9.25], "texture": "#0"},
				"east": {"uv": [1.5, 6, 3, 8], "texture": "#0"},
				"south": {"uv": [5, 7.25, 5.5, 9.25], "texture": "#0"},
				"west": {"uv": [3, 6, 4.5, 8], "texture": "#0"},
				"up": {"uv": [2.25, 9.5, 1.75, 8], "texture": "#0"},
				"down": {"uv": [2.75, 8, 2.25, 9.5], "texture": "#0"}
			}
		}
	],
	"display": {
		"thirdperson_righthand": {
			"rotation": [75, 45, 0],
			"translation": [0, 2.5, 0],
			"scale": [0.375, 0.375, 0.375]
		},
		"thirdperson_lefthand": {
			"rotation": [75, 45, 0],
			"translation": [0, 2.5, 0],
			"scale": [0.375, 0.375, 0.375]
		},
		"firstperson_righthand": {
			"rotation": [0, 120, 0],
			"translation": [0, 1, 0],
			"scale": [0.4, 0.4, 0.4]
		},
		"firstperson_lefthand": {
			"rotation": [0, 120, 0],
			"translation": [0, 1, 0],
			"scale": [0.4, 0.4, 0.4]
		},
		"ground": {
			"translation": [0, 1.5, 0],
			"scale": [0.5, 0.5, 0.5]
		},
		"gui": {
			"rotation": [30, 135, 0],
			"translation": [0.25, -0.75, 0],
			"scale": [0.7, 0.7, 0.7]
		},
		"head": {
			"translation": [0, -2.25, -0.25],
			"scale": [1.7, 1.7, 1.7]
		},
		"fixed": {
			"translation": [0, -4.5, -6.75],
			"scale": [1.74, 1.74, 1.74]
		}
	},
	"groups": [
		0,
		{
			"name": "leg_r",
			"origin": [8, 8, 8],
			"color": 0,
			"children": [1, 2, 3, 4, 5]
		},
		{
			"name": "leg_l",
			"origin": [8, 8, 8],
			"color": 0,
			"children": [6, 7, 8, 9, 10]
		},
		11,
		12
	]
}