{
	"credit": "Made with Blockbench",
	"texture_size": [32, 32],
	"textures": {
		"0": "./santa_hat",
		"particle": "./santa_hat"
	},
	"elements": [
		{
			"from": [4, 0, 4],
			"to": [12, 3, 12],
			"faces": {
				"north": {"uv": [5.25, 5, 7.5, 6], "texture": "#0"},
				"east": {"uv": [5.25, 5, 7.5, 6], "texture": "#0"},
				"south": {"uv": [5.25, 5, 7.5, 6], "texture": "#0"},
				"west": {"uv": [5.25, 5, 7.5, 6], "texture": "#0"},
				"up": {"uv": [2.25, 2.25, 0, 0], "texture": "#0"},
				"down": {"uv": [2.25, 2.25, 0, 4.5], "texture": "#0"}
			}
		},
		{
			"from": [4.5, 3, 4.5],
			"to": [11.5, 6, 11.5],
			"faces": {
				"north": {"uv": [5.75, 0.75, 7.75, 1.5], "texture": "#0"},
				"east": {"uv": [3.75, 6, 5.75, 6.75], "texture": "#0"},
				"south": {"uv": [5.75, 2.25, 7.75, 3], "texture": "#0"},
				"west": {"uv": [5.75, 1.5, 7.75, 2.25], "texture": "#0"},
				"up": {"uv": [4.25, 2, 2.25, 0], "texture": "#0"},
				"down": {"uv": [4.25, 0, 2.25, 2], "texture": "#0"}
			}
		},
		{
			"from": [5, 4, 9],
			"to": [11, 9, 14],
			"rotation": {"angle": 45, "axis": "x", "origin": [8, 9.5, 9]},
			"faces": {
				"north": {"uv": [2.25, 4, 3.75, 5.5], "texture": "#0"},
				"east": {"uv": [4.25, 0, 5.75, 1.5], "texture": "#0"},
				"south": {"uv": [3.75, 4, 5.25, 5.5], "texture": "#0"},
				"west": {"uv": [4.25, 1.5, 5.75, 3], "texture": "#0"},
				"up": {"uv": [1.5, 6, 0, 4.5], "texture": "#0"},
				"down": {"uv": [7, 3, 5.5, 4.5], "texture": "#0"}
			}
		},
		{
			"from": [5.5, 5.5, 10],
			"to": [10.5, 9.5, 14],
			"rotation": {"angle": -22.5, "axis": "x", "origin": [7.5, 6, 12]},
			"faces": {
				"north": {"uv": [0, 6, 1, 7], "texture": "#0"},
				"east": {"uv": [3, 6.75, 4, 7.75], "texture": "#0"},
				"south": {"uv": [1, 6.25, 2, 7.25], "texture": "#0"},
				"west": {"uv": [4.25, 3, 5.25, 4], "texture": "#0"},
				"up": {"uv": [3, 7.25, 2, 6.25], "texture": "#0"},
				"down": {"uv": [6.75, 6, 5.75, 7], "texture": "#0"}
			}
		},
		{
			"from": [6.5, 4, 12],
			"to": [9.5, 7, 15],
			"faces": {
				"north": {"uv": [6, 5, 7, 6], "texture": "#0"},
				"east": {"uv": [5.75, 5, 6.75, 6], "texture": "#0"},
				"south": {"uv": [5.25, 5, 6.25, 6], "texture": "#0"},
				"west": {"uv": [6.5, 5, 7.5, 6], "texture": "#0"},
				"up": {"uv": [7.5, 5.5, 6.5, 4.5], "texture": "#0"},
				"down": {"uv": [6.5, 4.5, 5.5, 5.5], "texture": "#0"}
			}
		}
	],
	"display": {
		"thirdperson_righthand": {
			"translation": [0, 4, 0],
			"scale": [0.6, 0.6, 0.6]
		},
		"thirdperson_lefthand": {
			"translation": [0, 4, 0],
			"scale": [0.6, 0.6, 0.6]
		},
		"firstperson_righthand": {
			"rotation": [0, 94, 0],
			"translation": [1.25, 6, 0],
			"scale": [0.58, 0.58, 0.58]
		},
		"firstperson_lefthand": {
			"rotation": [0, 94, 0],
			"translation": [1.25, 6, 0],
			"scale": [0.58, 0.58, 0.58]
		},
		"ground": {
			"translation": [0, 3, 0],
			"scale": [0.64, 0.64, 0.64]
		},
		"gui": {
			"rotation": [50, -120, 0],
			"translation": [0.5, 2.75, 0]
		},
		"head": {
			"translation": [0, 17.25, 0],
			"scale": [1.9, 1.9, 1.9]
		},
		"fixed": {
			"rotation": [-90, 0, 0],
			"translation": [0, 0, -11.25],
			"scale": [1.6, 1.6, 1.6]
		}
	}
}