{
	"credit": "Made with Blockbench",
	"texture_size": [64, 64],
	"textures": {
		"1": "./santa_hat"
	},
	"elements": [
		{
			"from": [6.5, 12, 12],
			"to": [9.5, 15, 15],
			"rotation": {"angle": 0, "axis": "y", "origin": [0, 8, 0]},
			"faces": {
				"north": {"uv": [6.25, 5.25, 7, 6], "texture": "#1"},
				"east": {"uv": [5.5, 5.25, 6.25, 6], "texture": "#1"},
				"south": {"uv": [5.75, 4.5, 6.5, 5.25], "texture": "#1"},
				"west": {"uv": [6.75, 4.5, 7.5, 5.25], "texture": "#1"},
				"up": {"uv": [7, 5.5, 6.25, 4.75], "texture": "#1"},
				"down": {"uv": [7.5, 5, 6.75, 5.75], "texture": "#1"}
			}
		},
		{
			"from": [4, 8, 4],
			"to": [12, 11, 12],
			"rotation": {"angle": 0, "axis": "y", "origin": [0, 8, 0]},
			"faces": {
				"north": {"uv": [5.25, 5, 7.5, 6], "texture": "#1"},
				"east": {"uv": [5.25, 4.5, 7.5, 5.5], "texture": "#1"},
				"south": {"uv": [5.25, 5, 7.5, 6], "texture": "#1"},
				"west": {"uv": [5.25, 4.75, 7.5, 5.75], "texture": "#1"},
				"up": {"uv": [2.25, 2.25, 0, 0], "texture": "#1"},
				"down": {"uv": [2.25, 2.25, 0, 4.5], "texture": "#1"}
			}
		},
		{
			"from": [4.5, 11, 4.5],
			"to": [11.5, 14, 11.5],
			"rotation": {"angle": 0, "axis": "y", "origin": [0, 8, 0]},
			"faces": {
				"north": {"uv": [5.75, 1.5, 7.75, 2.25], "texture": "#1"},
				"east": {"uv": [5.75, 0.75, 7.75, 1.5], "texture": "#1"},
				"south": {"uv": [5.75, 1.5, 7.75, 2.25], "texture": "#1"},
				"west": {"uv": [5.75, 2.25, 7.75, 3], "texture": "#1"},
				"up": {"uv": [4.25, 2, 2.25, 0], "texture": "#1"},
				"down": {"uv": [4.25, 0, 2.25, 2], "texture": "#1"}
			}
		},
		{
			"from": [5, 12, 9],
			"to": [11, 17, 14],
			"rotation": {"angle": 45, "axis": "x", "origin": [8, 17.5, 9]},
			"faces": {
				"north": {"uv": [0, 4.5, 1.5, 6], "texture": "#1"},
				"east": {"uv": [4.25, 0, 5.75, 1.5], "texture": "#1"},
				"south": {"uv": [3.75, 4, 5.25, 5.5], "texture": "#1"},
				"west": {"uv": [4.25, 1.5, 5.75, 3], "texture": "#1"},
				"up": {"uv": [3.75, 5.5, 2.25, 4], "texture": "#1"},
				"down": {"uv": [5.25, 4, 3.75, 5.5], "texture": "#1"}
			}
		},
		{
			"from": [5.5, 13.5, 10],
			"to": [10.5, 17.5, 14],
			"rotation": {"angle": -22.5, "axis": "x", "origin": [7.5, 14, 12]},
			"faces": {
				"north": {"uv": [4.25, 3, 5.25, 4], "texture": "#1"},
				"east": {"uv": [5.75, 6, 6.75, 7], "texture": "#1"},
				"south": {"uv": [0, 6, 1, 7], "texture": "#1"},
				"west": {"uv": [3, 6.75, 4, 7.75], "texture": "#1"},
				"up": {"uv": [2, 7.25, 1, 6.25], "texture": "#1"},
				"down": {"uv": [3, 6.25, 2, 7.25], "texture": "#1"}
			}
		},
		{
			"from": [5, 4, 3.5],
			"to": [11, 6, 4.5],
			"faces": {
				"north": {"uv": [8.25, 0.5, 9.75, 1], "texture": "#1"},
				"east": {"uv": [9.25, 1.5, 9.5, 2], "texture": "#1"},
				"south": {"uv": [8.25, 0.75, 9.75, 1.25], "texture": "#1"},
				"west": {"uv": [9, 1.5, 9.25, 2], "texture": "#1"},
				"up": {"uv": [7.25, 4.75, 5.75, 5], "texture": "#1"},
				"down": {"uv": [1.5, 0, 0, 0], "texture": "#1"}
			}
		},
		{
			"from": [6, 3, 3.5],
			"to": [11, 4, 4.5],
			"faces": {
				"north": {"uv": [8.5, 1, 9.75, 1.25], "texture": "#1"},
				"east": {"uv": [9.75, 1, 10, 1.25], "texture": "#1"},
				"south": {"uv": [8.5, 1, 9.75, 1.25], "texture": "#1"},
				"west": {"uv": [9.5, 1.5, 9.75, 1.75], "texture": "#1"},
				"up": {"uv": [10, 1, 8.75, 0.75], "texture": "#1"},
				"down": {"uv": [9.75, 1.25, 8.5, 1.5], "texture": "#1"}
			}
		},
		{
			"from": [6, 2, 3.5],
			"to": [10, 3, 4.5],
			"faces": {
				"north": {"uv": [8.5, 1.25, 9.5, 1.5], "texture": "#1"},
				"east": {"uv": [8.25, 1.25, 8.5, 1.5], "texture": "#1"},
				"south": {"uv": [8, 0.75, 9, 1], "texture": "#1"},
				"west": {"uv": [9, 2.25, 9.25, 2.5], "texture": "#1"},
				"up": {"uv": [10, 1.25, 9, 1], "texture": "#1"},
				"down": {"uv": [9.75, 1.5, 8.75, 1.75], "texture": "#1"}
			}
		},
		{
			"from": [6, 1, 3.5],
			"to": [9, 2, 4.5],
			"faces": {
				"north": {"uv": [8.5, 1.5, 9.25, 1.75], "texture": "#1"},
				"east": {"uv": [8.75, 2.5, 9, 2.75], "texture": "#1"},
				"south": {"uv": [8.75, 2, 9.5, 2.25], "texture": "#1"},
				"west": {"uv": [9.5, 1.75, 9.75, 2], "texture": "#1"},
				"up": {"uv": [9.25, 2.5, 8.5, 2.25], "texture": "#1"},
				"down": {"uv": [9, 1.75, 8.25, 2], "texture": "#1"}
			}
		},
		{
			"from": [6, 0, 3.5],
			"to": [8, 1, 4.5],
			"faces": {
				"north": {"uv": [8.75, 1.75, 9.25, 2], "texture": "#1"},
				"east": {"uv": [9.75, 0.25, 10, 0.5], "texture": "#1"},
				"south": {"uv": [9.25, 1.25, 9.75, 1.5], "texture": "#1"},
				"west": {"uv": [11.25, 0.75, 11.5, 1], "texture": "#1"},
				"up": {"uv": [9.25, 1.25, 8.75, 1], "texture": "#1"},
				"down": {"uv": [11, 0.25, 10.5, 0.5], "texture": "#1"}
			}
		}
	],
	"display": {
		"thirdperson_righthand": {
			"translation": [0, -1.5, 1],
			"scale": [0.42, 0.42, 0.42]
		},
		"thirdperson_lefthand": {
			"translation": [0, -1.5, 1],
			"scale": [0.42, 0.42, 0.42]
		},
		"firstperson_righthand": {
			"rotation": [0, 88, 0],
			"translation": [2.25, 3.25, 0],
			"scale": [0.43, 0.43, 0.43]
		},
		"firstperson_lefthand": {
			"rotation": [0, 88, 0],
			"translation": [2.25, 3.25, 0],
			"scale": [0.43, 0.43, 0.43]
		},
		"ground": {
			"rotation": [56, 0, 0],
			"translation": [0, 1.5, 0],
			"scale": [0.64, 0.64, 0.64]
		},
		"gui": {
			"rotation": [50, -133, 0],
			"translation": [0.5, -1, 0],
			"scale": [0.86, 0.86, 0.86]
		},
		"head": {
			"translation": [0, 1.25, 0],
			"scale": [1.9, 1.9, 1.9]
		},
		"fixed": {
			"rotation": [0, 90, 0],
			"translation": [-0.5, -0.25, -2.75]
		}
	},
	"groups": [
		{
			"name": "hat",
			"origin": [7.5, 14, 12],
			"color": 0,
			"children": [0, 1, 2, 3, 4]
		},
		{
			"name": "boroda",
			"origin": [0, 0, 0],
			"color": 0,
			"children": [5, 6, 7, 8, 9]
		}
	]
}